year,player,pos,age,team,g,gs,mp,pts,trb,ast,fgpct,threeppct,ftpct
1950,Chink Crossin,G,26,PHW,64,0,0.0,449.0,0.0,148.0,32.2,,78.2
1951,Joe McNamee,SF,24,ROC,60,0,0.0,123.0,101.0,18.0,28.7,,64.3
1951,Harry Gallatin*,F-C,23,NYK,66,0,0.0,845.0,800.0,180.0,41.6,,73.2
1951,Alex Groza,C,24,INO,66,0,0.0,1429.0,709.0,156.0,47.0,,78.6
1951,Gene Vance,G-F,27,TRI,29,0,0.0,139.0,94.0,57.0,40.4,,70.1
1951,Leon Blevins,G,24,INO,2,0,0.0,2.0,2.0,1.0,25.0,,0.0
1951,Arnie Johnson,SF,30,ROC,68,0,0.0,639.0,449.0,175.0,45.9,,72.5
1951,Dick Schnittker,SF,22,WSC,29,0,0.0,295.0,153.0,41.0,41.1,,86.6
1952,Ralph O'Brien,SG,23,INO,64,0,1577.0,578.0,122.0,124.0,37.2,,81.9
1952,Jake Fendley,SG,22,FTW,58,0,651.0,183.0,80.0,58.0,31.8,,78.9
1952,Wah Wah,PF,25,INO,58,0,1320.0,430.0,283.0,150.0,31.3,,75.0
1952,Paul Walther,SG,24,INO,55,0,1903.0,671.0,246.0,137.0,40.1,,75.0
1952,Dillard Crocker,PF,27,MLH,32,0,760.0,284.0,108.0,57.0,35.0,,66.2
1953,Dave Minor,PG,30,MLH,40,0,1309.0,318.0,211.0,105.0,36.9,,73.6
1953,Pete Darcey,C,22,MLH,12,0,90.0,11.0,10.0,2.0,16.7,,55.6
1953,Bob Davies*,PG,33,ROC,66,0,2216.0,1029.0,195.0,280.0,38.5,,75.3
1953,Connie Simmons,C,27,NYK,65,0,1707.0,729.0,458.0,127.0,37.7,,73.2
1953,Eddie Miller,C,21,MLH,10,0,160.0,39.0,60.0,6.0,26.8,,52.9
1953,Fred Scolari,PG,30,FTW,16,0,505.0,178.0,47.0,37.0,37.7,,82.4
1954,Mike Novak,PF,38,SYR,5,0,24.0,1.0,2.0,2.0,0.0,,50.0
1954,Norm Grekin,F,23,PHW,1,0,1.0,0.0,0.0,0.0,0.0,,0.0
1954,Bob Lavoy,PF,27,TOT,68,0,1277.0,364.0,317.0,78.0,37.9,,72.9
1954,Max Zaslofsky,SG,28,BLB,11,0,418.0,180.0,43.0,33.0,35.2,,76.7
1954,Jim Fritsche,PF,22,TOT,68,0,1221.0,281.0,217.0,73.0,30.6,,72.1
1955,Frank Ramsey*,SF,23,BOS,64,0,1754.0,715.0,402.0,185.0,39.9,,75.5
1955,Red Rocha,C,31,SYR,72,0,2473.0,812.0,489.0,178.0,36.8,,78.2
1955,Whitey Skoog,SG,28,MNL,72,0,2365.0,785.0,303.0,251.0,39.5,,80.6
1955,Fred Christ,G,24,NYK,6,0,48.0,20.0,8.0,7.0,27.8,,90.9
1956,Jack Twyman*,SF,21,ROC,72,0,2186.0,1038.0,466.0,171.0,42.2,,68.5
1956,Arnie Risen*,C,31,BOS,68,0,1597.0,548.0,553.0,88.0,38.3,,70.8
1956,George Mikan*,C,31,MNL,37,0,765.0,390.0,308.0,53.0,39.5,,77.0
1956,Jack Coleman,PF,31,TOT,75,0,2738.0,957.0,688.0,294.0,41.2,,71.1
1957,Frank Ramsey*,SG,25,BOS,35,0,807.0,418.0,178.0,67.0,39.3,,79.1
1957,Jim Ray,G,23,SYR,4,0,43.0,7.0,5.0,3.0,18.2,,60.0
1957,Bob Williams,F,25,MNL,4,0,20.0,4.0,5.0,0.0,25.0,,66.7
1957,Bob Burrow,C,22,ROC,67,0,1028.0,404.0,293.0,41.0,37.4,,61.6
1958,Dave Piontek,SF,23,CIN,71,0,1032.0,395.0,254.0,52.0,37.8,,62.9
1958,Richie Regan,SG,27,CIN,72,0,1648.0,524.0,175.0,185.0,35.5,,69.8
1958,Ron Shavlik,F,24,NYK,1,0,2.0,0.0,1.0,0.0,0.0,,0.0
1958,Ed Conlin,SF,24,SYR,60,0,1871.0,901.0,436.0,133.0,39.1,,79.6
1959,Jack Parr,C,22,CIN,66,0,1037.0,262.0,278.0,51.0,35.5,,60.3
1959,Frank Ramsey*,SG,27,BOS,72,0,2013.0,1107.0,491.0,147.0,37.8,,78.2
1959,Gene Shue,PG,27,DET,72,0,2745.0,1266.0,335.0,231.0,38.8,,80.3
1959,Ed Conlin,SG,25,TOT,72,0,1955.0,855.0,394.0,132.0,36.9,,71.9
1960,Gary Alcorn,C,23,DET,58,0,670.0,230.0,279.0,22.0,29.2,,57.1
1960,Barney Cable,F,24,DET,7,0,116.0,48.0,48.0,6.0,36.7,,40.0
1960,Steve Hamilton,SF,24,MNL,15,0,247.0,76.0,58.0,7.0,37.7,,78.3
1960,Tom Gola*,SG,27,PHW,75,0,2870.0,1122.0,779.0,409.0,43.3,,79.4
1960,Jack Twyman*,SF,25,CIN,75,0,3023.0,2338.0,664.0,260.0,42.2,,78.5
1961,Larry Foust,C,32,STL,68,0,1208.0,552.0,389.0,77.0,39.7,,78.8
1961,Jack George,PG,32,NYK,16,0,268.0,82.0,32.0,39.0,33.3,,66.7
1961,Elgin Baylor*,SF,26,LAL,73,0,3133.0,2538.0,1447.0,371.0,43.0,,78.3
1961,George Lee,SF,24,DET,74,0,1735.0,896.0,490.0,89.0,39.9,,70.1
1962,Dave Piontek,PF,27,CHP,45,0,614.0,205.0,155.0,31.0,36.9,,66.1
1962,Carl Braun,PG,34,BOS,48,0,414.0,176.0,50.0,71.0,37.7,,74.1
1962,Al Butler,PG,23,NYK,54,0,1969.0,796.0,324.0,201.0,46.3,,70.5
1962,Bob Cousy*,PG,33,BOS,75,0,2114.0,1175.0,261.0,584.0,39.1,,75.4
1962,Jack Turner,SG,22,CHP,42,0,567.0,200.0,85.0,44.0,38.0,,76.2
1963,Tom Gola*,SF-SG,30,TOT,73,0,2670.0,896.0,517.0,298.0,45.9,,77.6
1963,Joe Roberts,PF,26,SYR,33,0,466.0,181.0,155.0,16.0,37.2,,68.6
1963,Dave Budd,SF,24,NYK,78,0,1725.0,739.0,395.0,87.0,49.3,,74.8
1963,Barney Cable,SF,27,STL,42,0,662.0,255.0,129.0,42.0,49.5,,65.1
1963,John Havlicek*,SF,22,BOS,80,0,2200.0,1140.0,534.0,179.0,44.5,,72.8
1964,Jack Twyman*,SF,29,CIN,68,0,1996.0,1083.0,364.0,137.0,45.0,,82.9
1964,Frank Ramsey*,SG,32,BOS,75,0,1227.0,648.0,223.0,81.0,37.4,,84.1
1964,Gerry Ward,SG,22,STL,24,0,139.0,43.0,21.0,21.0,30.2,,64.7
1964,Dave DeBusschere*,SF,23,DET,15,0,304.0,129.0,105.0,23.0,39.1,,58.1
1964,Bob Pettit*,PF,31,STL,80,0,3296.0,2190.0,1224.0,259.0,46.3,,78.9
1965,Darrall Imhoff,C,26,LAL,76,0,1521.0,378.0,500.0,87.0,46.6,,57.1
1965,Mike Farmer,SF,28,STL,60,0,1272.0,409.0,258.0,88.0,40.9,,79.8
1965,Wayne Hightower,PF,25,SFW,48,0,1037.0,405.0,247.0,38.0,34.3,,76.9
1965,Guy Rodgers*,SG,29,SFW,79,0,2699.0,1153.0,323.0,565.0,38.0,,68.6
1965,Dave DeBusschere*,PF,24,DET,79,0,2769.0,1322.0,874.0,253.0,42.5,,70.0
1966,Ben Warley,SF,29,PHI,1,0,6.0,2.0,2.0,0.0,33.3,,0.0
1966,Paul Silas,PF,22,STL,46,0,586.0,175.0,236.0,22.0,40.5,,57.4
1966,Jim Washington,PF,22,STL,65,0,1104.0,384.0,353.0,43.0,40.2,,56.7
1966,Joe Caldwell,SF,24,STL,46,0,1141.0,655.0,246.0,61.0,44.7,,71.7
1966,Ray Scott,PF,27,DET,79,0,2652.0,1411.0,755.0,238.0,41.6,,74.3
1967,Hank Finkel,C,24,LAL,27,0,141.0,41.0,64.0,5.0,36.2,,58.3
1967,Tom Sanders*,SF,28,BOS,81,0,1926.0,824.0,439.0,91.0,42.8,,81.7
1967,John Block,PF,22,LAL,22,0,118.0,64.0,45.0,5.0,38.5,,70.6
1967,Em Bryant,PG,28,NYK,63,0,1593.0,546.0,273.0,218.0,40.9,,64.9
1967,Walt Hazzard,PG,24,LAL,79,0,1642.0,731.0,231.0,323.0,42.6,,72.9
1968,Don Nelson*,SF,27,BOS,82,0,1498.0,819.0,431.0,103.0,49.4,,72.8
1968,Don Ohl,PG,31,TOT,70,0,1919.0,983.0,175.0,157.0,44.1,,77.6
1968,Ken Wilburn,SF,23,CHI,3,0,26.0,11.0,10.0,2.0,55.6,,25.0
1968,Happy Hairston,PF,25,DET,26,0,892.0,490.0,262.0,37.0,45.9,,71.7
1968,Earl Monroe*,SG,23,BAL,82,0,3012.0,1991.0,465.0,349.0,45.3,,78.1
1968,Dave Gambee,PF,30,SDR,80,0,1755.0,1071.0,464.0,93.0,44.0,,84.7
1968,Erwin Mueller,C,23,LAL,39,0,973.0,325.0,222.0,78.0,52.0,,59.2
1969,Bill Bradley*,SF,25,NYK,82,0,2413.0,1020.0,350.0,302.0,42.9,,81.4
1969,John Tresvant,PF,29,SEA,26,0,801.0,354.0,267.0,63.0,48.8,,67.3
1969,Bob Quick,SF,22,BAL,28,0,154.0,87.0,25.0,12.0,41.1,,61.4
1969,Walt Bellamy*,C,29,TOT,88,0,3159.0,1527.0,1101.0,176.0,51.0,,64.9
1969,Richie Guerin*,SG,36,ATL,27,0,472.0,151.0,59.0,99.0,42.3,,77.0
1969,Ed Manning,PF,25,BAL,63,0,727.0,293.0,246.0,21.0,44.8,,64.8
1969,Doug Sims,F,25,CIN,4,0,12.0,4.0,4.0,0.0,40.0,,0.0
1969,Oscar Robertson*,PG,30,CIN,79,0,3461.0,1955.0,502.0,772.0,48.6,,83.8
1970,Art Harris,SG,23,SEA,5,0,178.0,60.0,19.0,20.0,38.4,,44.4
1970,Johnny Green,PF,36,CIN,78,0,2278.0,1216.0,841.0,112.0,55.9,,59.2
1970,Bill Turner,SF,25,SFW,3,0,75.0,23.0,14.0,1.0,52.9,,50.0
1970,Luke Jackson,PF,28,PHI,37,0,583.0,202.0,198.0,50.0,39.2,,74.1
1970,Dorie Murrey,C,26,SEA,81,0,1079.0,442.0,357.0,76.0,44.6,,73.1
1970,Dick Snyder,SG,25,SEA,76,0,2290.0,1030.0,308.0,333.0,53.1,,81.0
1970,Bob Quick,SF,23,TOT,34,0,364.0,175.0,75.0,14.0,45.3,,69.0
1970,Art Harris,SG,23,TOT,81,0,1553.0,656.0,161.0,231.0,39.4,,64.2
1971,Bob Portman,SG,23,SFW,68,0,1395.0,519.0,321.0,67.0,45.8,,72.6
1971,Greg Fillmore,C,23,NYK,39,0,271.0,103.0,93.0,17.0,44.1,,48.1
1971,Archie Clark,PG,29,PHI,82,0,3245.0,1746.0,391.0,440.0,49.6,,78.7
1971,Dave Sorenson,PF,22,CLE,79,0,1940.0,890.0,486.0,163.0,44.5,,80.3
1971,Moe Barr,G,26,CIN,31,0,145.0,61.0,20.0,28.0,40.3,,84.6
1971,Fred Foster,SF,24,PHI,66,0,888.0,362.0,147.0,61.0,40.3,,69.9
1971,Al Attles,PG,34,SFW,34,0,321.0,68.0,40.0,58.0,40.7,,58.5
1971,Nick Jones,SG,25,SFW,81,0,1183.0,561.0,110.0,113.0,43.0,,73.5
1971,Chet Walker*,SF,30,CHI,81,0,2927.0,1780.0,588.0,179.0,46.5,,85.9
1971,Jack Marin,SF,26,BAL,82,0,2920.0,1542.0,513.0,217.0,46.0,,84.8
1972,Jim King,SG,30,CHI,73,0,1014.0,413.0,81.0,101.0,45.5,,78.8
1972,Phil Chenier,SG,21,BAL,81,0,2481.0,996.0,268.0,205.0,41.5,,73.7
1972,Earl Monroe*,PG,27,BAL,3,0,103.0,65.0,8.0,10.0,40.6,,72.2
1972,Steve Kuberski,PF,24,BOS,71,0,1128.0,450.0,320.0,46.0,41.7,,78.4
1972,Lamar Green,PF,24,PHO,67,0,991.0,332.0,348.0,45.0,44.6,,73.3
1972,Gil McGregor,PF,22,CIN,42,0,532.0,171.0,148.0,18.0,36.3,,69.6
1972,Tom Sanders*,SF,33,BOS,82,0,1631.0,541.0,353.0,98.0,41.0,,81.6
1972,Charlie Yelverton,SG,23,POR,69,0,1227.0,545.0,201.0,81.0,38.9,,70.7
1972,Em Bryant,PG,33,BUF,54,0,1223.0,277.0,127.0,206.0,45.9,,60.0
1972,Ron Knight,SF,24,POR,49,0,483.0,255.0,116.0,33.0,43.6,,50.0
1972,Herm Gilliam,PG,25,ATL,82,0,2337.0,835.0,335.0,377.0,44.6,,83.8
1973,Terry Driscoll,C-PF,25,TOT,60,0,964.0,323.0,300.0,55.0,42.8,,69.4
1973,Sidney Wicks,PF,23,POR,80,0,3152.0,1906.0,870.0,440.0,45.2,,72.3
1973,Jeff Halliburton,SG,23,TOT,55,0,787.0,415.0,108.0,96.0,43.4,,80.7
1973,Dave Stallworth,SF,31,BAL,73,0,1217.0,438.0,236.0,112.0,41.4,,77.2
1973,Dick Garrett,SG,26,BUF,78,0,1805.0,778.0,209.0,217.0,41.9,,87.3
1973,Jack Marin,SF,28,HOU,81,0,3019.0,1496.0,499.0,291.0,46.8,,84.9
1973,Dave Wohl,PG,23,TOT,78,0,1933.0,611.0,109.0,326.0,44.7,,77.4
1973,Justus Thigpen,SG,25,DET,18,0,99.0,46.0,9.0,8.0,40.4,,0.0
1973,Stu Lantz,SG,26,DET,51,0,1603.0,490.0,172.0,138.0,40.7,,80.0
1973,Don May,SF,27,PHI,26,0,602.0,309.0,143.0,43.0,44.1,,85.5
1973,Dick Gibbs,SF,24,KCO,66,0,733.0,207.0,94.0,61.0,36.2,,74.6
1974,Ed Ratleff,SF,23,HOU,81,0,1773.0,611.0,286.0,181.0,43.4,,79.8
1974,Bernie Fryer,SG,24,POR,80,0,1674.0,559.0,159.0,279.0,46.0,,79.3
1974,Jim Cleamons,PG,24,CLE,81,0,1642.0,565.0,230.0,227.0,43.3,,69.9
1974,Greg Smith,SF,27,POR,67,0,878.0,246.0,189.0,78.0,43.4,,60.8
1974,Henry Bibby,PG,24,NYK,66,0,986.0,493.0,133.0,91.0,45.2,,83.0
1974,John Gianelli,C,23,NYK,70,0,1423.0,508.0,343.0,77.0,47.9,,76.0
1974,Rick Barry*,SF,29,GSW,80,0,2918.0,2009.0,540.0,484.0,45.6,,89.9
1974,Stu Lantz,SG,27,DET,50,0,980.0,447.0,113.0,97.0,42.7,,84.8
1974,Cornell Warner,C,25,TOT,72,0,1405.0,433.0,397.0,71.0,49.9,,74.6
1974,Kenny McIntosh,SF,25,SEA,69,0,2056.0,511.0,361.0,94.0,38.9,,60.7
1975,Connie Hawkins*,PF,32,LAL,43,0,1026.0,346.0,198.0,120.0,42.9,,68.7
1975,Tom Van,SF,31,PHI,9,0,273.0,126.0,29.0,16.0,42.2,,68.3
1975,Walt Bellamy*,C,35,NOJ,1,0,14.0,6.0,5.0,0.0,100.0,,100.0
1975,Earl Williams,C,23,PHO,79,0,1040.0,371.0,456.0,95.0,41.4,,43.7
1975,Neal Walk,C,26,NYK,30,0,274.0,116.0,77.0,22.0,40.9,,88.0
1975,Bob Rule,C,30,MIL,1,0,11.0,0.0,0.0,2.0,0.0,,0.0
1975,John Johnson,SF,27,POR,80,0,2540.0,1290.0,501.0,240.0,48.7,,78.4
1975,John Hummer,PF,26,SEA,43,0,568.0,96.0,104.0,38.0,38.0,,27.5
1975,Leon Benbow,SG,24,CHI,39,0,252.0,85.0,38.0,25.0,37.2,,83.3
1975,Neal Walk,C,26,TOT,67,0,1125.0,482.0,339.0,123.0,41.9,,81.9
1975,Glenn McDonald,SF,22,BOS,62,0,395.0,168.0,68.0,24.0,38.5,,75.7
1976,Phil Jackson*,PF,30,NYK,80,0,1461.0,480.0,343.0,105.0,47.8,,73.3
1976,Kevin Stacom,SG,24,BOS,77,0,1114.0,408.0,161.0,128.0,43.9,,74.7
1976,Bob Bigelow,SF,22,KCK,31,0,163.0,56.0,29.0,9.0,34.0,,72.7
1976,Earl Williams,C,24,DET,46,0,562.0,168.0,251.0,18.0,48.0,,50.0
1976,Nate Thurmond*,C,34,CHI,13,0,260.0,48.0,71.0,26.0,44.4,,44.4
1976,Jamaal Wilkes*,SF,22,GSW,82,0,2716.0,1461.0,720.0,167.0,46.3,,77.2
1976,Mickey Johnson,PF,23,CHI,81,0,2390.0,1239.0,758.0,130.0,46.3,,78.6
1976,Lou Hudson,SG,31,ATL,81,0,2558.0,1375.0,300.0,214.0,47.2,,81.4
1976,Dave Bing*,PG,32,WSB,82,0,2945.0,1326.0,237.0,492.0,44.7,,78.7
1976,Greg Smith,SF,29,POR,1,0,3.0,0.0,0.0,0.0,0.0,,0.0
1976,Bob McAdoo*,C,24,BUF,78,0,3328.0,2427.0,965.0,315.0,48.7,,76.2
1977,Willie Norwood,SF,29,SEA,76,0,1647.0,583.0,292.0,99.0,46.9,,73.3
1977,Larry McNeill,PF,26,GSW,16,0,137.0,86.0,49.0,3.0,47.5,,90.3
1977,John Mengelt,SG,27,CHI,61,0,1178.0,507.0,110.0,114.0,45.6,,78.8
1977,Fred Carter,SG,31,MIL,47,0,875.0,390.0,93.0,104.0,41.6,,75.3
1977,Bob Lanier*,C,28,DET,64,0,2446.0,1616.0,745.0,214.0,53.4,,81.8
1977,Tom Henderson,PG,25,TOT,87,0,2791.0,975.0,239.0,598.0,44.9,,74.4
1977,Henry Dickerson,PG,25,ATL,6,0,63.0,17.0,2.0,11.0,50.0,,62.5
1977,Lionel Hollins,PG,23,POR,76,0,2224.0,1119.0,210.0,313.0,43.2,,74.9
1977,Fred Carter,SG,31,PHI,14,0,237.0,96.0,24.0,21.0,42.6,,52.6
1977,Bob McAdoo*,C,25,BUF,20,0,767.0,474.0,264.0,65.0,45.5,,69.6
1977,Bird Averitt,SG,24,BUF,75,0,1136.0,589.0,78.0,134.0,37.8,,71.6
1977,Mike Green,C,25,SEA,76,0,1928.0,746.0,503.0,120.0,44.1,,70.6
1977,Don Buse,PG,26,IND,81,0,2947.0,646.0,270.0,685.0,41.6,,78.6
1977,Rudy White,SG,23,HOU,46,0,368.0,109.0,41.0,35.0,44.3,,60.0
1978,Mack Calvin,PG,30,DEN,77,0,988.0,467.0,84.0,148.0,44.1,,84.0
1978,Allan Bristow,SF,26,SAS,82,0,1481.0,666.0,257.0,194.0,47.8,,73.1
1978,Larry Moffett,SF,23,HOU,20,0,110.0,16.0,21.0,7.0,29.4,,60.0
1978,Dave Twardzik,PG,27,POR,75,0,1820.0,667.0,134.0,244.0,59.2,,78.2
1978,Alex English*,SF,24,MIL,82,0,1552.0,790.0,395.0,129.0,54.2,,72.7
1978,Bingo Smith,SG,31,CLE,82,0,1581.0,846.0,207.0,91.0,43.9,,80.0
1978,Steve Kuberski,PF,30,BOS,3,0,14.0,2.0,6.0,0.0,25.0,,0.0
1978,Gar Heard,PF,29,PHO,80,0,2099.0,620.0,652.0,132.0,42.4,,61.2
1978,Adrian Dantley*,SF,21,IND,23,0,948.0,609.0,216.0,65.0,49.9,,78.7
1978,Ted McClain,PG,31,PHI,29,0,293.0,91.0,37.0,34.0,43.8,,70.0
1978,Fred Saunders,SF,26,BOS,26,0,243.0,74.0,37.0,11.0,33.0,,82.4
1978,Henry Bibby,PG,28,PHI,82,0,2518.0,743.0,251.0,464.0,43.4,,78.1
1978,Junior Bridgeman,SF,24,MIL,82,0,1876.0,1118.0,290.0,175.0,50.3,,81.0
1978,Wally Walker,SF,23,POR,9,0,101.0,43.0,17.0,8.0,46.3,,62.5
1978,Gus Gerard,SF,24,BUF,10,0,85.0,43.0,14.0,9.0,40.0,,73.3
1979,Frankie Sanders,SF,22,BOS,24,0,216.0,132.0,51.0,17.0,46.2,,81.5
1979,Scott Lloyd,C,26,CHI,67,0,465.0,111.0,93.0,32.0,35.0,,57.4
1979,Coby Dietrick,C,30,SAS,76,0,1487.0,497.0,315.0,198.0,52.3,,79.8
1979,Wally Walker,SF,24,SEA,60,0,969.0,394.0,177.0,69.0,49.0,,60.4
1979,Winford Boynes,SG,21,NJN,69,0,1176.0,645.0,155.0,75.0,43.0,,78.7
1979,Bob Wilkerson,SF,24,DEN,80,0,2425.0,911.0,414.0,284.0,45.6,,68.8
1979,Terry Tyler,PF,22,DET,82,0,2560.0,1056.0,648.0,89.0,48.2,,65.8
1979,Gail Goodrich*,SG,35,NOJ,74,0,2130.0,938.0,183.0,357.0,44.9,,85.3
1979,Lucius Allen,PG,31,KCK,31,0,413.0,157.0,46.0,44.0,39.7,,57.6
1979,Fred Brown,PG,30,SEA,77,0,1961.0,1075.0,172.0,260.0,46.9,,88.8
1979,Charlie Criss,PG,30,ATL,54,0,879.0,285.0,60.0,138.0,37.7,,77.9
1979,Eric Money,PG,23,PHI,23,0,545.0,272.0,37.0,82.0,54.8,,63.0
1979,Truck Robinson,PF,27,TOT,69,0,2537.0,1456.0,802.0,113.0,49.1,,70.1
1979,Jo Jo,PG,32,BOS,47,0,1455.0,589.0,128.0,214.0,42.8,,88.8
1980,Sidney Moncrief,SG,22,MIL,77,0,1557.0,654.0,338.0,133.0,46.8,,79.5
1980,Pete Maravich*,SG,32,BOS,26,4,442.0,299.0,38.0,29.0,49.4,75.0,90.9
1980,Scott May,SF,25,CHI,54,0,1298.0,672.0,218.0,104.0,45.0,,83.7
1980,Ron Carter,SG,23,IND,13,0,117.0,32.0,19.0,9.0,40.5,,28.6
1980,Toby Knight,SF,24,NYK,81,0,2945.0,1549.0,493.0,150.0,52.9,,80.8
1980,Gar Heard,PF,31,PHO,82,0,1403.0,406.0,380.0,97.0,41.7,,74.4
1980,Brad Davis,PG,24,IND,5,0,43.0,7.0,2.0,5.0,28.6,,75.0
1980,Lionel Hollins,SG,26,PHI,27,0,796.0,329.0,69.0,112.0,41.5,20.0,77.0
1980,Bob Carrington,SG,26,SDC,10,0,134.0,36.0,13.0,3.0,40.5,,75.0
1980,John Lucas,PG,26,GSW,80,0,2763.0,1010.0,220.0,602.0,46.7,28.6,76.8
1980,Marvin Barnes,PF,27,SDC,20,0,287.0,64.0,77.0,18.0,40.0,,50.0
1980,Jack Givens,SF,23,ATL,82,0,1254.0,470.0,242.0,59.0,38.5,,82.8
1980,Don Buse,PG,29,PHO,81,0,2499.0,626.0,233.0,320.0,44.3,24.1,66.4
1980,Jo Jo,PG,33,GSW,78,0,2052.0,770.0,181.0,239.0,47.6,16.7,85.1
1981,Darwin Cook,SG,22,NJN,81,0,1980.0,904.0,236.0,297.0,46.8,24.0,73.3
1981,Reggie Carter,SG,23,NYK,60,0,536.0,169.0,69.0,76.0,33.0,,73.9
1981,Kiki Vandeweghe,SF,22,DEN,51,0,1376.0,588.0,270.0,94.0,42.6,,81.8
1981,Marques Johnson,SF,24,MIL,76,0,2542.0,1541.0,518.0,346.0,55.2,,70.6
1981,Geoff Huston,PG,23,DAL,56,0,1892.0,899.0,99.0,277.0,48.8,25.0,69.2
1981,John Shumate,PF,28,SEA,2,0,8.0,2.0,1.0,0.0,0.0,,66.7
1981,Robert Parish*,C,27,BOS,82,78,2298.0,1552.0,777.0,144.0,54.5,,71.0
1981,Clemon Johnson,C,24,IND,81,0,1643.0,582.0,468.0,144.0,50.4,,59.3
1981,John Mengelt,SG,31,GSW,2,0,11.0,0.0,0.0,2.0,0.0,,0.0
1981,Richard Washington,PF,25,CLE,69,0,1505.0,681.0,369.0,113.0,45.9,50.0,75.0
1981,Ron Davis,SF,26,SDC,64,0,817.0,374.0,119.0,47.0,44.3,25.0,59.5
1981,Gus Gerard,SF,27,SAS,11,0,129.0,52.0,38.0,9.0,36.7,,72.7
1981,Joe Hassett,SG,25,TOT,41,0,714.0,356.0,68.0,74.0,42.1,34.0,81.0
1981,Hawkeye Whitney,SG,23,KCK,47,0,782.0,350.0,106.0,68.0,48.7,33.3,76.9
1981,Chad Kinch,SG,22,TOT,41,0,353.0,118.0,33.0,45.0,36.9,,77.8
1982,Don Collins,SG,23,WSB,79,18,1609.0,790.0,196.0,148.0,51.1,8.3,71.6
1982,Kenny Carr,PF,26,DET,28,6,444.0,207.0,137.0,23.0,45.8,,64.6
1982,Kevin McHale*,PF,24,BOS,82,33,2332.0,1117.0,556.0,91.0,53.1,,75.4
1982,Kelly Tripucka,SF,22,DET,82,82,3077.0,1772.0,443.0,270.0,49.6,22.7,79.7
1982,Dave Greenwood,PF,24,CHI,82,82,2914.0,1200.0,786.0,262.0,47.3,,82.5
1982,Robert Smith,PG,26,MIL,17,1,316.0,116.0,14.0,44.0,47.3,20.0,83.3
1982,Kevin Kunnert,C,30,POR,21,0,237.0,49.0,66.0,18.0,41.7,,52.9
1982,Clay Johnson,SG,25,LAL,7,0,65.0,25.0,12.0,7.0,55.0,,50.0
1982,Mickey Dillard,PG,23,CLE,33,0,221.0,73.0,15.0,34.0,36.7,,65.2
1982,Rudy Macklin,SF,23,ATL,79,32,1516.0,554.0,263.0,47.0,43.4,,77.5
1982,Dave Robisch,C,32,DEN,12,0,257.0,144.0,63.0,32.0,45.3,,87.3
1982,Ron Brewer,SG,26,CLE,47,41,1724.0,913.0,111.0,121.0,46.5,23.8,77.9
1982,Kenny Carr,PF,26,CLE,46,42,1482.0,688.0,394.0,63.0,51.7,11.1,65.9
1982,Danny Vranes,SF,23,SEA,77,1,1075.0,375.0,198.0,56.0,54.6,,60.1
1982,Joe Hassett,SG,26,GSW,68,2,787.0,390.0,53.0,104.0,37.7,33.2,83.8
1983,Adrian Dantley*,SF,26,UTA,22,22,887.0,676.0,140.0,105.0,58.0,,84.7
1983,Tiny Archibald*,PG,34,BOS,66,19,1811.0,695.0,91.0,409.0,42.5,20.8,74.3
1983,James Ray,PF,25,DEN,45,3,433.0,173.0,126.0,39.0,45.8,,64.7
1983,Mike Davis,PF,26,NYK,8,0,28.0,14.0,10.0,0.0,40.0,,60.0
1983,Billy Paultz,C,34,SAS,7,0,125.0,25.0,33.0,4.0,44.4,,50.0
1983,Calvin Natt,SF,26,POR,80,80,2879.0,1630.0,599.0,171.0,54.3,15.0,79.2
1983,Rob Williams,PG,21,DEN,74,33,1443.0,515.0,136.0,361.0,40.8,13.3,75.3
1983,James Wilkes,SF,24,DET,9,0,129.0,34.0,19.0,10.0,32.4,,80.0
1983,Glen Gondrezick,PF,27,DEN,76,2,1130.0,350.0,301.0,100.0,45.6,,71.9
1983,J.J. Anderson,SF,22,TOT,65,2,1202.0,480.0,294.0,67.0,50.1,,57.1
1983,Andrew Toney,SG,25,PHI,81,81,2474.0,1598.0,225.0,365.0,50.1,28.9,78.8
1983,Bob Wilkerson,SF,28,CLE,77,11,1702.0,519.0,242.0,189.0,41.7,,75.0
1983,World B.,SG,29,GSW,19,18,700.0,434.0,44.0,89.0,45.1,,71.1
1983,Junior Bridgeman,SF,29,MIL,70,5,1855.0,1007.0,246.0,207.0,49.2,7.7,83.7
1983,Darrell Griffith,SG,24,UTA,77,76,2787.0,1709.0,304.0,270.0,48.4,28.8,67.9
1983,Russ Schoene,PF,22,TOT,77,7,1222.0,476.0,255.0,59.0,47.6,25.0,73.5
1984,Jay Vincent,SF,24,DAL,61,5,1421.0,672.0,247.0,114.0,43.5,,78.1
1984,Leo Rautins,SF,23,PHI,28,3,196.0,48.0,33.0,29.0,36.2,,60.0
1984,Jerry Sichting,PG,27,IND,80,80,2497.0,917.0,171.0,457.0,53.2,30.0,86.7
1984,Clay Johnson,SG,27,SEA,25,0,176.0,55.0,12.0,14.0,40.0,100.0,63.6
1984,Len Elmore,PF,31,NYK,65,5,832.0,155.0,165.0,30.0,40.8,,71.1
1984,Greg Kite,C,22,BOS,35,1,197.0,65.0,62.0,7.0,45.5,,31.3
1984,Dan Issel*,C,35,DEN,76,66,2076.0,1506.0,513.0,173.0,49.3,21.1,85.0
1984,Dan Roundfield,PF,30,ATL,73,72,2610.0,1380.0,721.0,184.0,48.5,,77.0
1984,Jeff Cook,C,27,CLE,81,21,1950.0,471.0,484.0,123.0,48.6,50.0,72.3
1984,Linton Townes,SF,24,SDC,2,0,17.0,6.0,1.0,1.0,42.9,,0.0
1984,Tom Chambers,PF,24,SEA,82,44,2570.0,1483.0,532.0,133.0,49.9,,80.0
1984,Junior Bridgeman,SF,30,MIL,81,10,2431.0,1220.0,332.0,265.0,46.5,19.4,80.7
1984,Darwin Cook,PG,25,NJN,82,31,1870.0,714.0,156.0,356.0,44.3,23.9,75.4
1984,Steve Stipanovich,C,23,IND,81,73,2426.0,970.0,562.0,170.0,48.0,18.8,75.3
1985,Dave Corzine,C,28,CHI,82,50,2062.0,701.0,422.0,140.0,48.6,,74.5
1985,Devin Durrant,SF,24,IND,59,8,756.0,300.0,124.0,80.0,41.6,,70.6
1985,Mark West,C,24,TOT,66,25,888.0,255.0,251.0,15.0,54.6,,49.4
1985,Bernard King*,SF,28,NYK,55,55,2063.0,1809.0,317.0,204.0,53.0,10.0,77.2
1985,Charles Jones,C-PF,27,TOT,31,4,667.0,174.0,184.0,26.0,52.8,,69.0
1985,Jim Petersen,PF,22,HOU,60,0,714.0,190.0,147.0,29.0,48.6,,75.8
1985,Dan Roundfield,PF,31,DET,56,43,1492.0,611.0,453.0,102.0,46.7,,78.1
1985,Edgar Jones,PF,28,SAS,18,1,322.0,129.0,62.0,18.0,48.4,,80.4
1985,Sam Perkins,PF,23,DAL,82,42,2317.0,903.0,605.0,135.0,47.1,25.0,82.0
1985,Fat Lever,PG,24,DEN,82,82,2559.0,1051.0,411.0,613.0,43.0,25.0,77.0
1985,Wayne Cooper,C,28,DEN,80,78,2031.0,969.0,631.0,86.0,47.2,,68.5
1985,Rickey Green,PG,30,UTA,77,77,2431.0,1000.0,189.0,597.0,47.7,30.0,86.9
1985,Jay Humphries,SG,22,PHO,80,39,2062.0,703.0,164.0,350.0,44.6,20.0,82.9
1985,Ray Williams,PG,30,BOS,23,5,459.0,147.0,57.0,90.0,38.5,26.1,67.4
1986,Lester Conner,PG,26,GSW,36,0,413.0,144.0,62.0,43.0,37.5,28.6,74.1
1986,Tony Campbell,SF,23,DET,82,1,1292.0,648.0,236.0,45.0,48.4,22.2,79.5
1986,Gus Williams,PG,32,WSB,77,67,2284.0,1036.0,166.0,453.0,42.8,25.9,73.4
1986,Larry Smith,PF,28,GSW,77,74,2441.0,740.0,856.0,95.0,53.6,,49.3
1986,Johnny Davis,SG,30,CLE,39,0,612.0,273.0,36.0,105.0,43.0,18.2,84.8
1986,Darwin Cook,PG,27,NJN,79,33,1965.0,629.0,177.0,390.0,42.6,20.8,75.7
1986,Mark Aguirre,SF,26,DAL,74,73,2501.0,1670.0,445.0,339.0,50.3,28.6,70.5
1986,Rory Sparrow,PG,27,NYK,74,74,2344.0,796.0,170.0,472.0,47.7,25.0,79.5
1986,Rickey Green,PG,31,UTA,80,44,2012.0,932.0,135.0,411.0,47.1,17.2,85.2
1986,James Bailey,PF,28,NYK,48,36,1245.0,533.0,334.0,50.0,45.6,,77.2
1986,James Donaldson,C,28,DAL,69,64,2241.0,573.0,664.0,84.0,56.8,,79.9
1986,Tyrone Corbin,SF,23,SAS,16,0,174.0,64.0,25.0,11.0,42.2,,71.4
1986,Jeff Turner,PF,23,NJN,53,1,650.0,226.0,137.0,14.0,49.1,,74.4
1986,Tony Brown,SG,25,CHI,10,0,132.0,45.0,16.0,14.0,43.9,,69.2
1986,Quintin Dailey,SG,25,CHI,35,0,723.0,569.0,68.0,67.0,43.2,,82.3
1987,Steve Colter,PG,24,PHI,43,13,849.0,293.0,66.0,116.0,47.1,50.0,72.1
1987,Tony Brown,SG,26,NJN,77,67,2339.0,873.0,219.0,259.0,44.2,25.0,73.8
1987,Keith Smith,SG,22,MIL,42,4,461.0,138.0,32.0,43.0,38.0,33.3,75.0
1987,Jack Sikma,C,31,MIL,82,82,2536.0,1045.0,822.0,203.0,46.3,,84.7
1987,Darren Daye,SF,26,CHI,1,0,7.0,0.0,1.0,1.0,0.0,,0.0
1987,Darwin Cook,SG,28,WSB,82,2,1420.0,614.0,145.0,151.0,42.6,8.7,79.6
1987,Rafael Addison,SF,22,PHO,62,12,711.0,359.0,106.0,45.0,44.1,32.0,79.7
1987,Clinton Smith,SG,23,GSW,41,0,341.0,127.0,56.0,45.0,42.7,,75.0
1987,A.C. Green,PF,23,LAL,79,72,2240.0,852.0,615.0,84.0,53.8,,78.0
1987,John Bagley,PG,26,CLE,72,67,2182.0,768.0,252.0,379.0,42.6,30.1,83.1
1987,Kevin Duckworth,C,22,TOT,65,1,875.0,352.0,223.0,29.0,47.6,,68.7
1987,Pat Cummings,PF,30,NYK,49,11,1056.0,423.0,312.0,38.0,45.0,,71.8
1987,Bill Walton*,C,34,BOS,10,0,112.0,28.0,31.0,9.0,38.5,,53.3
1987,Frank Brickowski,PF,27,LAL,37,0,404.0,146.0,97.0,12.0,56.4,,67.8
1987,Brad Davis,PG,31,DAL,82,6,1582.0,577.0,114.0,373.0,45.6,30.2,86.0
1988,Granville Waiters,C,27,CHI,22,0,114.0,18.0,28.0,1.0,31.0,,0.0
1988,Leon Wood,PG,25,SAS,38,8,830.0,352.0,51.0,155.0,42.6,39.8,75.8
1988,Dennis Johnson*,PG,33,BOS,77,74,2670.0,971.0,240.0,598.0,43.8,26.1,85.6
1988,Vinnie Johnson,SG,31,DET,82,1,1935.0,1002.0,231.0,267.0,44.3,20.8,67.7
1988,Joe Kleine,C,26,SAC,82,60,1999.0,801.0,579.0,93.0,47.2,,81.4
1988,Steve Colter,PG,25,WSB,56,53,1361.0,447.0,155.0,235.0,46.9,30.0,79.1
1988,Kevin Willis,PF,25,ATL,75,55,2091.0,871.0,547.0,28.0,51.8,,64.9
1988,Richard Anderson,PF,27,TOT,74,3,1350.0,448.0,303.0,112.0,39.0,32.0,75.3
1988,Ray Tolbert,PF,29,NYK,11,0,177.0,47.0,35.0,5.0,46.3,,52.9
1988,Buck Johnson,SF,24,HOU,70,2,879.0,378.0,168.0,49.0,52.0,12.5,73.6
1988,Wes Matthews,PG,28,LAL,51,8,706.0,289.0,66.0,138.0,46.0,23.3,83.1
1988,Charles Davis,SF,29,TOT,21,0,226.0,104.0,41.0,20.0,41.7,5.9,70.0
1988,Charles Davis,SF,29,MIL,5,0,39.0,12.0,3.0,3.0,33.3,,0.0
1988,Patrick Ewing*,C,25,NYK,82,82,2546.0,1653.0,676.0,125.0,55.5,,71.6
1988,Louis Orr,SF,29,NYK,29,0,180.0,40.0,34.0,9.0,32.0,,50.0
1988,John Battle,SG,25,ATL,67,1,1227.0,713.0,113.0,158.0,45.4,39.0,75.0
1988,T.R. Dunn,SG,32,DEN,82,1,1534.0,180.0,240.0,87.0,44.9,,76.9
1989,Ramon Rivas,C,22,BOS,28,0,91.0,40.0,24.0,3.0,38.7,,64.0
1989,Isiah Thomas*,PG,27,DET,80,76,2924.0,1458.0,273.0,663.0,46.4,27.3,81.8
1989,Tyrone Corbin,SF,26,PHO,77,30,1655.0,631.0,398.0,118.0,54.0,,78.8
1989,Larry Bird*,SF,32,BOS,6,6,189.0,116.0,37.0,29.0,47.1,,94.7
1989,John Long,SG,32,DET,24,0,152.0,49.0,11.0,15.0,47.5,,84.6
1989,Bernard Thompson,PF,26,HOU,23,0,222.0,62.0,28.0,13.0,33.9,,84.6
1989,Dave Popson,PF,24,LAC,10,0,68.0,23.0,16.0,6.0,44.0,,50.0
1989,Pat Cummings,PF,32,MIA,53,28,1096.0,466.0,281.0,47.0,50.0,,74.2
1989,James Worthy*,SF,27,LAL,81,81,2960.0,1657.0,489.0,288.0,54.8,8.7,78.2
1989,Gerald Wilkins,SG,25,NYK,81,58,2414.0,1161.0,244.0,274.0,45.1,29.7,75.6
1989,John Battle,SG,26,ATL,82,0,1672.0,779.0,140.0,197.0,45.7,32.4,81.5
1989,Bob Thornton,PF,26,PHI,54,0,449.0,127.0,92.0,15.0,42.3,33.3,53.3
1989,Orlando Graham,PF,23,GSW,7,0,22.0,8.0,11.0,0.0,30.0,,50.0
1989,Nate McMillan,PG,24,SEA,75,74,2341.0,532.0,388.0,696.0,41.0,21.4,63.0
1989,Rickey Green,PG,34,MIL,30,0,501.0,163.0,46.0,105.0,54.5,33.3,89.5
1989,Ricky Pierce,SG,29,MIL,75,4,2078.0,1317.0,197.0,156.0,51.8,22.2,85.9
1989,Herb Williams,C,30,TOT,76,66,2470.0,777.0,593.0,124.0,43.6,,68.6
1989,Vinny Del,SG,22,SAC,80,2,1556.0,569.0,171.0,206.0,47.5,30.0,85.0
1990,Randy White,PF,22,DAL,55,2,707.0,237.0,173.0,21.0,36.9,7.1,56.2
1990,Danny Young,PG,27,POR,82,8,1393.0,383.0,122.0,231.0,42.1,27.1,81.3
1990,Bernard King*,SF,33,WSB,82,82,2687.0,1837.0,404.0,376.0,48.7,13.0,80.3
1990,Vlade Divac,C,21,LAL,82,5,1611.0,701.0,512.0,75.0,49.9,,70.8
1990,Winston Garland,PG,25,GSW,51,4,891.0,270.0,111.0,157.0,37.5,10.0,84.1
1990,Michael Cooper,SG,33,LAL,80,10,1851.0,515.0,227.0,215.0,38.7,31.8,88.3
1990,Robert Reid,SF,34,TOT,72,28,1202.0,414.0,151.0,90.0,39.1,31.3,62.8
1990,Sam Perkins,SF,28,DAL,76,70,2668.0,1206.0,572.0,175.0,49.3,21.4,77.8
1990,Randy Wittman,SF,30,IND,61,0,544.0,130.0,30.0,39.0,50.8,50.0,83.3
1990,Paul Mokeski,C,33,CLE,38,1,449.0,151.0,99.0,17.0,42.0,,69.4
1990,Jerry Sichting,PG,33,MIL,1,0,27.0,3.0,0.0,2.0,0.0,,75.0
1990,Blair Rasmussen,C,27,DEN,81,55,1995.0,1001.0,594.0,82.0,49.7,,82.8
1990,Joe Dumars*,SG,26,DET,75,71,2578.0,1335.0,212.0,368.0,48.0,40.0,90.0
1990,Tito Horford,C,24,MIL,35,0,236.0,51.0,59.0,2.0,29.0,,62.5
1990,Terry Cummings,PF,28,SAS,81,78,2821.0,1818.0,677.0,219.0,47.5,32.2,78.0
1990,Derek Harper,PG,28,DAL,82,82,3007.0,1473.0,244.0,609.0,48.8,37.1,79.4
1990,Reggie Williams,SF,25,CLE,32,12,542.0,218.0,60.0,38.0,38.1,22.2,73.2
1990,Tom Garrick,SG,23,LAC,73,22,1721.0,508.0,162.0,289.0,49.4,19.0,77.2
1991,Hersey Hawkins,SG,24,PHI,80,80,3110.0,1767.0,310.0,299.0,47.2,40.0,87.1
1991,Anthony Cook,PF,23,DEN,58,25,1121.0,307.0,326.0,26.0,41.7,,55.0
1991,Rik Smits,C,24,IND,76,38,1690.0,828.0,357.0,84.0,48.5,,76.2
1991,Benoit Benjamin,C,26,TOT,70,65,2236.0,982.0,723.0,119.0,49.6,,71.2
1991,Alex English*,SF,37,DAL,79,26,1748.0,763.0,254.0,105.0,43.9,,85.0
1991,Roy Tarpley,C,26,DAL,5,5,171.0,102.0,55.0,12.0,54.4,,88.9
1991,Otis Thorpe,PF,28,HOU,82,82,3039.0,1435.0,846.0,197.0,55.6,42.9,69.6
1991,Lester Conner,PG,31,TOT,74,4,1008.0,260.0,112.0,165.0,46.4,,72.3
1991,Kiki Vandeweghe,SF,32,NYK,75,72,2420.0,1226.0,180.0,110.0,49.4,36.2,89.9
1991,John Battle,SG,28,ATL,79,2,1863.0,1078.0,159.0,217.0,46.1,28.6,85.4
1991,Adrian Caldwell,PF,24,HOU,42,0,343.0,77.0,100.0,8.0,42.2,,41.2
1991,Pat Cummings,PF,34,UTA,4,0,26.0,15.0,5.0,0.0,66.7,,70.0
1991,Michael Ansley,SF,23,ORL,67,1,877.0,379.0,253.0,25.0,54.8,,71.7
1991,Dee Brown,PG,22,BOS,82,5,1945.0,712.0,182.0,344.0,46.4,20.6,87.3
1991,Dennis Hopson,SF,25,CHI,61,0,728.0,264.0,109.0,65.0,42.6,20.0,66.3
1991,Walter Palmer,C,22,UTA,28,0,85.0,40.0,21.0,6.0,33.3,,66.7
1991,Olden Polynice,C,26,LAC,31,30,1132.0,381.0,283.0,26.0,57.9,,57.2
1991,Ken Bannister,PF,30,LAC,47,3,339.0,111.0,96.0,9.0,53.1,,38.5
1992,Eric Murdock,PG,23,UTA,50,0,478.0,203.0,54.0,92.0,41.5,19.2,75.4
1992,Joe Kleine,C,30,BOS,70,3,991.0,326.0,296.0,32.0,49.1,50.0,70.8
1992,Mitchell Wiggins,SG,32,PHI,49,0,569.0,211.0,94.0,22.0,38.4,,68.6
1992,Thurl Bailey,PF,30,UTA,13,0,327.0,122.0,78.0,19.0,38.6,,80.0
1992,Keith Owens,SF,22,LAL,20,0,80.0,26.0,15.0,3.0,28.1,,80.0
1992,Duane Causwell,C,23,SAC,80,77,2291.0,636.0,580.0,59.0,54.9,,61.3
1992,Terry Catledge,PF,28,ORL,78,67,2430.0,1154.0,549.0,109.0,49.6,,69.4
1992,John Starks,SG,26,NYK,82,0,2118.0,1139.0,191.0,276.0,44.9,34.8,77.8
1992,Michael Cage,PF,30,SEA,82,69,2461.0,720.0,728.0,92.0,56.6,,62.0
1992,Tate George,SG,23,NJN,70,2,1037.0,418.0,105.0,162.0,42.7,16.7,82.1
1992,Milos Babic,C,23,MIA,9,0,35.0,18.0,11.0,6.0,46.2,,75.0
1992,Antoine Carr,PF,30,SAS,81,27,1867.0,881.0,346.0,63.0,49.0,20.0,76.4
1992,Dee Brown,PG,23,BOS,31,20,883.0,363.0,79.0,164.0,42.6,22.7,76.9
1992,Keith Askins,SF,24,MIA,59,4,843.0,219.0,142.0,38.0,41.0,34.2,70.3
1992,Sleepy Floyd,PG,31,HOU,82,3,1662.0,744.0,150.0,239.0,40.6,30.1,79.4
1992,Armen Gilliam,PF,27,PHI,81,81,2771.0,1367.0,660.0,118.0,51.1,,80.7
1992,Morlon Wiley,PG,25,SAS,3,0,13.0,6.0,1.0,1.0,60.0,,0.0
1992,Kenny Anderson,PG,21,NJN,64,13,1086.0,450.0,127.0,203.0,39.0,23.1,74.5
1993,Mark Macon,PG,23,DEN,48,27,1141.0,358.0,103.0,126.0,41.5,,70.0
1993,Joe Courtney,PF,23,GSW,7,0,70.0,22.0,17.0,2.0,39.1,,80.0
1993,LaSalle Thompson,C,31,IND,63,0,730.0,237.0,178.0,34.0,48.8,,74.4
1993,Anthony Avent,PF,23,MIL,82,78,2285.0,806.0,512.0,91.0,43.3,,65.1
1993,Alan Ogg,C,25,MIL,3,0,26.0,8.0,6.0,4.0,33.3,,100.0
1993,Duane Causwell,C,24,SAC,55,45,1211.0,453.0,303.0,35.0,54.5,,62.4
1993,Don MacLean,PF,23,WSB,62,4,674.0,407.0,122.0,39.0,43.5,50.0,81.1
1993,Walt Williams,SF,22,SAC,59,26,1673.0,1001.0,265.0,178.0,43.5,31.9,74.2
1993,Scott Brooks,PG,27,HOU,82,0,1516.0,519.0,99.0,243.0,47.5,41.4,83.0
1993,Marcus Liberty,SF,24,DEN,78,32,1585.0,628.0,335.0,105.0,40.6,37.3,65.4
1993,Keith Askins,SF,25,MIA,69,1,935.0,227.0,198.0,31.0,41.3,33.8,72.5
1993,Brent Price,PG,24,WSB,68,9,859.0,262.0,103.0,154.0,35.8,16.7,79.4
1993,Ron Anderson,SF,34,PHI,69,0,1263.0,561.0,184.0,93.0,41.4,32.5,80.9
1993,Reggie Smith,C,22,POR,23,0,68.0,23.0,21.0,1.0,37.0,,21.4
1993,Tony Smith,SG,24,LAL,55,9,752.0,330.0,87.0,63.0,48.4,18.2,75.6
1993,Bill Cartwright,C,35,CHI,63,63,1253.0,354.0,233.0,83.0,41.1,,73.5
1993,Chuck Person,SF,28,MIN,78,75,2985.0,1309.0,433.0,343.0,43.3,35.5,64.9
1993,Rich King,C,23,SEA,3,0,12.0,6.0,5.0,1.0,40.0,,100.0
1994,Isiah Thomas*,PG,32,DET,58,56,1750.0,856.0,159.0,399.0,41.7,31.0,70.2
1994,Randy Woods,PG,23,LAC,40,0,352.0,145.0,29.0,71.0,36.8,34.6,57.1
1994,Greg Foster,PF,25,MIL,3,0,19.0,10.0,3.0,0.0,57.1,,100.0
1994,Anthony Avent,PF,24,ORL,41,20,676.0,144.0,184.0,32.0,34.1,,63.6
1994,Darren Morningstar,C,24,DAL,22,15,363.0,94.0,80.0,15.0,46.9,,60.0
1994,Sam Cassell,PG,24,HOU,66,6,1122.0,440.0,134.0,192.0,41.8,29.5,84.1
1994,Chris Jent,SF,24,HOU,3,0,78.0,31.0,15.0,7.0,50.0,36.4,50.0
1994,Marty Conlon,C,26,WSB,14,1,201.0,70.0,50.0,6.0,51.8,,80.0
1994,Antoine Carr,PF,32,SAS,34,0,465.0,198.0,51.0,15.0,48.8,,72.4
1994,Eric Anderson,PF,23,NYK,11,0,39.0,21.0,17.0,2.0,41.2,100.0,35.7
1994,Chris Whitney,PG,22,SAS,40,4,339.0,72.0,29.0,53.0,30.5,33.3,80.0
1994,George Lynch,SF,23,LAL,71,46,1762.0,681.0,410.0,96.0,50.8,,59.6
1994,Benoit Benjamin,C,29,NJN,77,74,1817.0,718.0,499.0,44.0,48.0,,71.0
1994,Chris Smith,PG,23,MIN,80,16,1617.0,473.0,122.0,285.0,43.5,25.6,67.4
1994,Kenny Anderson,PG,23,NJN,82,82,3135.0,1538.0,322.0,784.0,41.7,30.3,81.8
1994,Tony Smith,SG,25,LAL,73,31,1617.0,645.0,195.0,148.0,44.1,32.0,71.4
1994,Greg Kite,C,32,ORL,29,0,309.0,34.0,70.0,4.0,37.1,,36.4
1994,Tony Campbell,SF,31,TOT,63,14,1214.0,555.0,186.0,82.0,44.3,25.0,78.3
1994,James Worthy*,SF,32,LAL,80,2,1597.0,812.0,181.0,154.0,40.6,28.8,74.1
1995,Eric Murdock,PG,26,MIL,75,32,2158.0,977.0,214.0,482.0,41.5,37.5,79.0
1995,Jeff Malone,SG,33,PHI,19,19,660.0,350.0,55.0,29.0,50.7,39.3,86.4
1995,Sedale Threatt,PG,33,LAL,59,2,1384.0,558.0,124.0,248.0,49.7,37.9,79.3
1995,John Williams,SF,28,IND,34,0,402.0,100.0,62.0,27.0,35.7,33.3,56.0
1995,Brian Oliver,SG,26,WSB,6,0,42.0,14.0,4.0,4.0,44.4,,75.0
1995,Tyrone Corbin,SF,32,ATL,81,4,1389.0,502.0,262.0,67.0,44.2,25.0,68.4
1995,Lester Conner,SG,35,LAL,2,0,5.0,2.0,0.0,0.0,0.0,,100.0
1995,Scott Burrell,SF,24,CHH,65,62,2014.0,750.0,368.0,161.0,46.7,40.9,69.4
1995,Chris Childs,PG,27,NJN,53,11,1021.0,308.0,69.0,219.0,38.0,32.8,75.3
1995,Doug West,SG,27,MIN,71,65,2328.0,919.0,227.0,185.0,46.1,18.0,83.7
1995,Tracy Murray,SF,23,TOT,54,3,516.0,258.0,59.0,19.0,40.8,40.7,78.6
1995,Steve Colter,PG,32,CLE,57,7,752.0,196.0,59.0,101.0,39.6,22.9,76.1
1995,Nick Anderson,SG,27,ORL,76,76,2588.0,1200.0,335.0,314.0,47.6,41.5,70.4
1995,David Wood,PF,30,GSW,78,13,1336.0,428.0,241.0,65.0,46.9,34.1,77.8
1995,Greg Foster,PF,26,MIN,61,0,845.0,281.0,205.0,23.0,47.0,30.4,70.0
1995,Brian Grant,PF,22,SAC,80,59,2289.0,1058.0,598.0,99.0,51.1,25.0,63.6
1995,Derek Strong,PF,26,BOS,70,24,1344.0,441.0,375.0,44.0,45.3,28.6,82.0
1995,Greg Anderson,PF,30,ATL,51,0,622.0,148.0,188.0,17.0,54.8,,47.9
1996,Chris Carr,SG,21,PHO,60,10,590.0,240.0,102.0,43.0,41.5,26.2,81.7
1996,John Amaechi,PF,25,CLE,28,3,357.0,77.0,52.0,9.0,41.4,,57.6
1996,Jamie Watson,SF,23,UTA,16,0,217.0,48.0,27.0,24.0,41.9,42.9,69.2
1996,David Wood,PF,31,PHO,4,0,34.0,4.0,5.0,2.0,16.7,,100.0
1996,Frankie King,PG,23,LAL,6,0,20.0,7.0,2.0,2.0,27.3,,33.3
1996,Stacey King,PF,29,MIA,15,0,156.0,38.0,23.0,2.0,47.2,,50.0
1996,Duane Causwell,C,27,SAC,73,26,1044.0,250.0,248.0,20.0,41.7,,72.9
1996,Andrew Lang,C,29,ATL,51,51,1815.0,657.0,334.0,62.0,45.4,,80.5
1996,Kevin Edwards,SG,30,NJN,34,33,1007.0,394.0,75.0,71.0,36.4,40.4,81.0
1996,Spud Webb,PG,32,MIN,26,21,645.0,244.0,40.0,154.0,39.4,40.3,87.9
1996,Dontonio Wingfield,SF,21,POR,44,2,487.0,165.0,104.0,28.0,38.2,30.2,76.5
1996,Jason Caffey,PF,22,CHI,57,0,545.0,182.0,111.0,24.0,43.8,,58.8
1996,Eric Mobley,C,25,VAN,34,1,611.0,182.0,128.0,22.0,55.0,50.0,44.6
1996,Oliver Miller,PF,25,TOR,76,72,2516.0,982.0,562.0,219.0,52.6,,66.1
1996,Bob Thornton,PF,33,WSB,7,0,31.0,3.0,12.0,0.0,16.7,,50.0
1996,Kevin Pritchard,PG,28,WSB,2,0,22.0,7.0,2.0,7.0,66.7,100.0,66.7
1996,Kenny Anderson,PG,25,TOT,69,64,2344.0,1050.0,203.0,575.0,41.8,35.9,76.9
1996,Anthony Peeler,SG,26,LAL,73,12,1608.0,710.0,137.0,118.0,45.2,41.3,70.9
1996,Mike Brown,C,32,PHI,9,1,162.0,26.0,37.0,3.0,56.3,,47.1
1996,Chris Childs,PG,28,NJN,78,54,2408.0,1002.0,245.0,548.0,41.6,36.7,85.2
1996,John Salley,PF,31,TOT,42,6,673.0,185.0,140.0,54.0,45.0,,69.4
1996,Donald Hodge,C,26,TOT,15,0,115.0,18.0,23.0,4.0,37.5,,0.0
1997,Anthony Goldwire,PG,25,DEN,27,21,612.0,197.0,46.0,125.0,39.2,39.4,81.6
1997,Gerald Wilkins,SG,33,ORL,80,26,2202.0,848.0,173.0,173.0,42.6,32.5,71.6
1997,John Crotty,PG,27,MIA,48,0,659.0,232.0,47.0,102.0,51.3,40.8,84.4
1997,Lorenzo Williams,C,27,WSB,19,0,264.0,45.0,69.0,4.0,64.5,,71.4
1997,James Scott,SF,24,MIA,8,0,32.0,1.0,6.0,3.0,0.0,,50.0
1997,Erick Dampier,C,21,IND,72,21,1052.0,370.0,294.0,43.0,39.0,100.0,63.7
1997,Aaron McKie,SG,24,TOT,83,11,1625.0,433.0,221.0,161.0,41.1,39.8,83.6
1997,Ben Davis,PF,24,PHO,20,0,98.0,29.0,27.0,0.0,38.5,,45.0
1997,Corliss Williamson,SF,23,SAC,79,31,1992.0,915.0,326.0,124.0,49.8,,68.9
1997,Joe Kleine,C,35,NJN,28,0,453.0,84.0,114.0,23.0,42.7,50.0,72.2
1997,Anthony Miller,PF,25,ATL,1,0,14.0,0.0,7.0,0.0,0.0,,0.0
1997,Greg Anderson,C,32,SAS,82,48,1659.0,322.0,448.0,34.0,49.6,,66.7
1997,Darrin Hancock,SF,25,ATL,14,0,86.0,34.0,13.0,7.0,48.1,,66.7
1997,Brooks Thompson,PG,26,TOT,67,6,1055.0,445.0,96.0,180.0,39.9,39.8,63.2
1997,Joe Courtney,PF,27,TOT,9,0,100.0,25.0,16.0,0.0,36.7,,60.0
1997,LaSalle Thompson,C,35,IND,9,0,35.0,3.0,8.0,2.0,0.0,,75.0
1997,Ricky Pierce,SG,37,DEN,33,10,600.0,335.0,53.0,31.0,46.2,30.8,90.2
1997,Mark Jackson,PG,31,IND,30,30,1053.0,271.0,124.0,294.0,42.7,31.6,76.6
1997,Antonio McDyess,PF,22,DEN,74,73,2565.0,1352.0,537.0,106.0,46.3,17.1,70.8
1997,Craig Ehlo,SG,35,SEA,62,0,848.0,214.0,110.0,68.0,35.1,28.4,50.0
1997,Elliot Perry,PG,27,MIL,82,3,1595.0,562.0,124.0,247.0,47.4,35.8,74.5
1997,Jamie Watson,SF,24,TOT,23,6,340.0,78.0,47.0,33.0,43.1,33.3,75.0
1997,Bill Wennington,C,33,CHI,61,19,783.0,280.0,129.0,41.0,49.8,,83.0
1998,Matt Bullard,SF,30,HOU,67,24,1190.0,466.0,146.0,60.0,45.0,41.6,74.1
1998,Ray Allen,SG,22,MIL,82,82,3287.0,1602.0,405.0,356.0,42.8,36.4,87.5
1998,Bryant Reeves,C,24,VAN,74,74,2527.0,1207.0,585.0,155.0,52.3,,70.6
1998,Monty Williams,SF,26,SAS,72,16,1314.0,453.0,179.0,89.0,44.8,50.0,67.0
1998,Henry James,PF,32,CLE,28,0,166.0,80.0,15.0,5.0,40.7,44.0,95.5
1998,Jerome Kersey,SF,35,SEA,37,2,717.0,234.0,135.0,44.0,41.6,10.0,60.0
1998,Willie Burton,SF,29,SAS,13,0,43.0,27.0,9.0,1.0,38.1,33.3,66.7
1998,Donald Royal,SF,31,CHH,29,5,305.0,74.0,37.0,16.0,38.1,,89.7
1998,Vlade Divac,C,29,CHH,64,41,1805.0,667.0,518.0,172.0,49.8,21.4,69.1
1998,Eric Piatkowski,SG,27,LAC,67,35,1740.0,760.0,236.0,85.0,45.2,40.9,82.4
1998,Travis Williams,SF,28,CHH,39,0,365.0,136.0,92.0,20.0,47.1,,52.2
1998,Randy Brown,PG,29,CHI,71,6,1147.0,288.0,94.0,151.0,38.4,,71.8
1998,Anthony Goldwire,PG,26,DEN,82,32,2212.0,751.0,147.0,277.0,42.3,38.4,80.6
1998,Brian Oliver,SG,29,ATL,5,0,61.0,15.0,9.0,2.0,36.8,,25.0
1998,Carl Thomas,SG,28,CLE,29,0,272.0,77.0,37.0,9.0,38.6,39.5,61.5
1998,David Vaughn,PF,24,NJN,15,2,161.0,44.0,49.0,2.0,57.6,,66.7
1998,Kenny Anderson,PG,27,TOT,61,56,1858.0,746.0,173.0,345.0,39.8,35.6,78.9
1998,Avery Johnson,PG,32,SAS,75,73,2674.0,766.0,150.0,591.0,47.8,15.4,72.6
1998,Shawn Bradley,C,25,DAL,64,46,1822.0,731.0,518.0,60.0,42.2,33.3,72.2
1998,Adrian Caldwell,PF,31,DAL,1,0,3.0,0.0,0.0,0.0,0.0,,0.0
1998,Dickey Simpkins,PF,25,GSW,19,0,196.0,54.0,46.0,16.0,45.8,,38.5
1998,Jeff Hornacek,SG,34,UTA,80,80,2460.0,1139.0,270.0,349.0,48.2,44.1,88.5
1999,Mikki Moore,C,23,DET,2,0,6.0,4.0,1.0,0.0,100.0,,100.0
1999,Herb Williams,C,40,NYK,6,0,34.0,10.0,6.0,0.0,50.0,,100.0
1999,Carlos Rogers,PF,27,POR,2,0,8.0,5.0,1.0,1.0,100.0,,25.0
1999,Cedric Ceballos,SF,29,DAL,13,5,352.0,163.0,85.0,12.0,42.1,39.3,69.4
1999,Glenn Robinson,SF,26,MIL,47,47,1579.0,865.0,276.0,100.0,45.9,39.2,87.0
1999,Chris Carr,SG,24,MIN,11,2,81.0,23.0,12.0,7.0,34.6,33.3,50.0
1999,Corey Beck,PG,27,DET,8,0,30.0,10.0,5.0,0.0,50.0,,100.0
1999,John Coker,C,27,WAS,14,0,98.0,31.0,22.0,0.0,41.9,,83.3
1999,Jim Jackson,SG,28,POR,49,9,1175.0,414.0,159.0,128.0,41.1,27.8,84.2
1999,Paul Grant,C,25,TOT,6,0,13.0,4.0,1.0,0.0,33.3,,0.0
1999,Steve Henson,PG,30,DET,4,0,25.0,4.0,0.0,3.0,50.0,,100.0
1999,Horace Grant,PF,33,ORL,50,50,1660.0,443.0,351.0,90.0,43.4,,67.1
1999,Aaron Williams,PF,27,SEA,40,2,458.0,158.0,128.0,22.0,42.3,,73.0
1999,Scottie Pippen*,SF,33,HOU,50,50,2011.0,726.0,323.0,293.0,43.2,34.0,72.1
1999,Fred Hoiberg,SG,26,IND,12,0,87.0,19.0,11.0,4.0,28.6,11.1,100.0
1999,Gary Trent,PF,24,DAL,45,23,1362.0,719.0,351.0,77.0,47.7,,61.7
1999,Anthony Parker,SG,23,PHI,2,0,3.0,2.0,0.0,0.0,100.0,,0.0
1999,Rodrick Rhodes,SG,25,VAN,10,1,123.0,34.0,13.0,10.0,25.0,14.3,57.9
1999,Jeffrey Sheppard,SG,24,ATL,18,5,185.0,40.0,22.0,16.0,38.5,28.6,61.5
1999,Dikembe Mutombo*,C,32,ATL,50,50,1829.0,541.0,610.0,57.0,51.2,,68.4
2000,Tim Thomas,SF,22,MIL,80,1,2093.0,945.0,332.0,113.0,46.1,34.6,77.4
2000,Alan Henderson,PF,27,ATL,82,82,2775.0,1083.0,571.0,77.0,46.1,10.0,67.1
2000,Jerome Kersey,SF,37,SAS,72,18,1310.0,321.0,225.0,69.0,41.2,,70.7
2000,Tim Duncan,PF,23,SAS,74,74,2875.0,1716.0,918.0,234.0,49.0,9.1,76.1
2000,Anthony Avent,PF,30,LAC,49,3,377.0,81.0,74.0,11.0,30.2,,71.9
2000,Jim McIlvaine,C,27,NJN,66,53,1048.0,157.0,230.0,36.0,41.6,,51.8
2000,George Lynch,SF,29,PHI,75,75,2416.0,722.0,582.0,136.0,46.1,41.7,61.7
2000,Corey Benjamin,SG,21,CHI,48,10,862.0,370.0,88.0,54.0,41.4,34.8,59.8
2000,Austin Croshere,PF,24,IND,81,14,1885.0,835.0,516.0,89.0,44.1,36.2,84.8
2000,Jacque Vaughn,PG,24,UTA,78,0,884.0,289.0,65.0,121.0,41.6,41.2,75.0
2000,Marcus Camby,C,25,NYK,59,11,1548.0,601.0,461.0,49.0,48.0,50.0,67.0
2000,Shawn Kemp,C,30,CLE,82,82,2492.0,1463.0,725.0,138.0,41.7,33.3,77.6
2000,Dion Glover,SG,21,ATL,30,1,446.0,195.0,38.0,27.0,38.6,26.7,72.9
2000,Terry Porter,PG,36,SAS,68,8,1613.0,641.0,191.0,221.0,44.7,43.5,80.6
2000,Tariq Abdul-Wahad,SG,25,TOT,61,56,1578.0,697.0,291.0,98.0,42.4,13.0,75.6
2000,Damon Jones,PG,23,TOT,55,1,612.0,233.0,55.0,96.0,38.5,36.0,66.7
2000,Haywoode Workman,PG,34,TOT,36,2,350.0,86.0,26.0,61.0,34.4,32.6,66.7
2000,Dennis Scott,SF,31,VAN,66,0,1263.0,369.0,106.0,69.0,37.5,37.6,84.2
2000,Todd Day,SG,30,PHO,58,1,941.0,396.0,129.0,65.0,39.4,38.8,66.7
2000,Greg Buckner,SG,23,DAL,48,1,923.0,275.0,174.0,55.0,47.6,38.5,68.3
2001,Greg Buckner,SG,24,DAL,37,9,820.0,229.0,157.0,49.0,43.8,28.6,72.8
2001,Courtney Alexander,PG,23,WAS,27,18,910.0,458.0,80.0,41.0,44.8,38.9,85.7
2001,Eric Snow,PG,27,PHI,50,50,1740.0,491.0,166.0,369.0,41.8,26.3,79.2
2001,Muggsy Bogues,PG,36,TOR,3,0,34.0,0.0,3.0,5.0,0.0,,0.0
2001,Cedric Ceballos,SF,31,TOT,40,0,559.0,261.0,106.0,20.0,44.1,30.1,86.0
2001,Erick Strickland,PG,27,VAN,22,0,409.0,140.0,76.0,66.0,30.1,29.2,86.3
2001,Hubert Davis,PG,30,TOT,66,18,1692.0,524.0,139.0,110.0,45.3,45.6,87.1
2001,Cedric Ceballos,SF,31,DET,13,0,166.0,75.0,26.0,7.0,39.4,27.5,80.0
2001,Isaac Austin,C,31,VAN,52,16,845.0,226.0,222.0,58.0,35.6,25.0,70.0
2001,Steve Kerr,PG,35,SAS,55,1,650.0,181.0,35.0,57.0,42.1,42.9,93.3
2001,Sean Rooks,C,31,LAC,82,0,1553.0,446.0,303.0,77.0,42.8,50.0,74.8
2001,Ervin Johnson,C,33,MIL,82,19,1981.0,266.0,613.0,40.0,54.5,,53.8
2001,Jake Tsakalidis,C,21,PHO,57,39,947.0,256.0,242.0,19.0,47.0,,59.3
2001,Chris Childs,PG,33,TOT,77,5,1859.0,362.0,202.0,355.0,40.3,30.2,84.5
2001,Danny Fortson,PF,24,GSW,6,6,203.0,100.0,98.0,5.0,58.0,,77.8
2001,Anthony Miller,PF,29,TOT,4,0,11.0,2.0,2.0,0.0,50.0,,0.0
2001,Anthony Goldwire,PG,29,DEN,20,0,201.0,82.0,12.0,34.0,37.5,26.5,76.5
2001,Mike Smith,SF,24,WAS,17,0,180.0,51.0,22.0,10.0,32.2,16.7,62.5
2001,Zan Tabak,C,30,IND,55,14,777.0,216.0,213.0,33.0,52.7,,42.6
2001,Jason Williams,PG,25,SAC,77,77,2290.0,720.0,185.0,416.0,40.7,31.5,78.9
2001,James Posey,SF,24,DEN,82,82,2255.0,666.0,431.0,163.0,41.2,30.0,81.6
2002,Dion Glover,SG,23,ATL,55,25,1156.0,492.0,169.0,84.0,42.1,33.0,75.7
2002,Jeryl Sasser,SG,22,ORL,7,0,36.0,10.0,7.0,2.0,21.4,,80.0
2002,Scott Padgett,PF,25,UTA,75,1,1295.0,500.0,285.0,82.0,47.6,43.4,73.5
2002,Jud Buechler,SF,33,PHO,6,0,54.0,6.0,8.0,3.0,33.3,33.3,0.0
2002,Jon Barry,SG,32,DET,82,6,1985.0,739.0,234.0,274.0,48.9,46.9,93.1
2002,Chucky Brown,SF,33,SAC,18,0,92.0,21.0,33.0,6.0,37.0,,50.0
2002,Shawn Marion,SF,23,PHO,81,81,3109.0,1547.0,803.0,162.0,46.9,39.3,84.5
2002,Jeff Foster,C,25,IND,82,48,1786.0,467.0,556.0,70.0,44.9,13.3,61.0
2002,John Amaechi,PF,31,UTA,54,0,586.0,175.0,109.0,29.0,32.5,,63.8
2002,Mike Penberthy,PG,27,LAL,3,0,12.0,5.0,2.0,2.0,50.0,,75.0
2002,Eric Montross,C,30,TOR,49,24,655.0,116.0,140.0,16.0,40.2,,32.3
2002,Earl Watson,PG,22,SEA,64,0,964.0,231.0,83.0,125.0,45.3,36.4,63.9
2002,Walter McCarty,PF,27,BOS,56,0,718.0,212.0,128.0,41.0,44.4,39.4,68.4
2002,Steve Goodrich,SF,25,NJN,9,0,50.0,5.0,5.0,5.0,20.0,,50.0
2002,Eldridge Recasner,SG,34,CHH,1,0,2.0,0.0,0.0,0.0,0.0,,0.0
2002,Joe Crispin,PG,22,TOT,21,0,156.0,79.0,11.0,26.0,38.2,38.5,92.3
2002,Felipe Lopez,SG,27,MIN,67,0,581.0,169.0,80.0,39.0,37.8,42.4,67.3
2002,P.J. Brown,C,32,CHH,80,80,2563.0,669.0,786.0,107.0,47.4,,85.8
2002,Malik Rose,PF,27,SAS,82,1,1725.0,772.0,492.0,61.0,46.3,8.3,72.0
2002,Shaquille O'Neal*,C,29,LAL,67,66,2422.0,1822.0,715.0,200.0,57.9,,55.5
2003,Lucious Harris,SG,32,NJN,77,25,1973.0,795.0,232.0,155.0,41.3,34.6,80.4
2003,Michael Finley,SF,29,DAL,69,69,2642.0,1331.0,402.0,205.0,42.5,37.0,86.1
2003,Paul Shirley,PF,25,ATL,2,0,5.0,0.0,1.0,0.0,0.0,,0.0
2003,Andrei Kirilenko,SF,21,UTA,80,11,2213.0,963.0,420.0,138.0,49.1,32.5,80.0
2003,Tyrone Hill,PF,34,PHI,24,18,496.0,109.0,124.0,9.0,40.4,,60.0
2003,Elden Campbell,C,34,TOT,56,1,869.0,343.0,181.0,51.0,39.7,,80.1
2003,Doug Christie,SG,32,SAC,80,80,2710.0,748.0,342.0,376.0,47.9,39.5,81.0
2003,Devin Brown,SG,24,TOT,10,2,93.0,30.0,18.0,7.0,34.3,,75.0
2003,Chris Andersen,C,24,DEN,59,3,907.0,305.0,274.0,32.0,40.0,,55.0
2003,Maurice Taylor,PF,26,HOU,67,9,1377.0,562.0,238.0,66.0,43.2,,72.5
2003,Aaron Williams,C,31,NJN,81,0,1597.0,500.0,331.0,88.0,45.3,,78.5
2003,Anthony Carter,PG,27,MIA,49,26,912.0,199.0,83.0,203.0,35.6,,66.0
2003,Mike Dunleavy,SF,22,GSW,82,3,1305.0,466.0,214.0,106.0,40.3,34.7,78.0
2003,Corliss Williamson,SF,29,DET,82,1,2061.0,987.0,358.0,104.0,45.3,18.2,79.0
2003,Darrell Armstrong,PG,34,ORL,82,23,2350.0,769.0,295.0,323.0,40.9,33.6,87.8
2003,Jerome Moiso,C,24,NOH,51,1,644.0,205.0,178.0,22.0,52.0,,65.9
2003,Jeff McInnis,PG,28,POR,75,1,1311.0,432.0,97.0,170.0,44.4,17.1,74.6
2003,Loren Woods,C,24,MIN,38,11,353.0,80.0,95.0,19.0,38.2,33.3,77.8
2003,Jahidi White,C,26,WAS,16,8,230.0,67.0,73.0,2.0,47.2,,68.0
2004,Mark Pope,PF,31,DEN,4,0,20.0,2.0,3.0,0.0,50.0,,0.0
2004,Jacque Vaughn,PG,28,ATL,71,6,1271.0,270.0,116.0,195.0,38.6,15.0,77.9
2004,Adonal Foyle,C,28,GSW,44,8,572.0,137.0,167.0,17.0,45.4,,54.3
2004,Rick Fox,SF,34,LAL,38,34,846.0,183.0,102.0,98.0,39.2,24.6,73.3
2004,Clarence Weatherspoon,PF,33,NYK,15,1,216.0,54.0,50.0,13.0,45.0,,94.7
2004,Kedrick Brown,SF,22,CLE,34,16,561.0,179.0,78.0,39.0,46.5,38.8,64.3
2004,Mike Dunleavy,SF,23,GSW,75,69,2336.0,877.0,442.0,220.0,44.9,37.0,74.1
2004,Milt Palacio,PG,25,TOR,59,13,1211.0,257.0,102.0,184.0,34.9,15.4,66.2
2004,Wesley Person,SG,32,ATL,9,0,132.0,40.0,25.0,5.0,33.3,42.1,100.0
2004,J.R. Bremer,PG,23,TOT,36,2,443.0,118.0,36.0,51.0,27.2,25.7,65.0
2004,Zydrunas Ilgauskas,C,28,CLE,81,81,2539.0,1237.0,653.0,109.0,48.3,28.6,74.6
2004,Carlos Boozer,PF,22,CLE,75,75,2592.0,1162.0,857.0,148.0,52.3,16.7,76.8
2004,Rodney White,SF,23,DEN,72,0,985.0,541.0,165.0,60.0,45.9,37.9,75.0
2004,Maurice Taylor,PF,27,HOU,75,10,2081.0,862.0,384.0,107.0,48.0,,73.6
2004,Shammond Williams,SG-PG,28,TOT,53,4,763.0,255.0,60.0,116.0,37.5,30.0,87.9
2004,Jermaine O'Neal,PF,25,IND,78,78,2788.0,1566.0,778.0,164.0,43.4,11.1,75.7
2004,Jeff McInnis,SG,29,POR,39,26,1269.0,465.0,94.0,196.0,47.1,31.9,76.3
2004,Dan Langhi,SF,26,TOT,6,0,37.0,13.0,4.0,0.0,35.7,50.0,100.0
2004,Ryan Bowen,PF,28,DEN,52,1,392.0,46.0,87.0,18.0,34.0,,83.3
2004,Scott Williams,C,35,PHO,16,10,267.0,117.0,72.0,6.0,52.5,100.0,69.2
2004,Stanislav Medvedenko,PF,24,LAL,68,38,1442.0,563.0,343.0,57.0,44.1,,76.7
2004,Fred Jones,SG,24,IND,81,2,1508.0,397.0,126.0,173.0,39.5,30.3,83.2
2004,Alvin Williams,SG,29,TOR,56,54,1730.0,494.0,150.0,224.0,40.5,29.2,77.6
2005,Vladimir Radmanovic,PF,24,SEA,63,0,1856.0,741.0,289.0,86.0,40.9,38.9,78.6
2005,Keith Van,SF,29,MIL,33,13,818.0,342.0,165.0,41.0,44.9,38.5,86.2
2005,Danny Fortson,C,28,SEA,62,0,1047.0,463.0,348.0,8.0,52.2,,88.0
2005,Luis Flores,PG,23,DEN,1,0,4.0,3.0,1.0,0.0,50.0,100.0,0.0
2005,Earl Watson,PG,25,MEM,80,14,1808.0,615.0,164.0,359.0,42.6,31.9,65.9
2005,Kwame Brown,PF,22,WAS,42,14,908.0,292.0,206.0,39.0,46.0,,57.4
2005,Tim Duncan,PF,28,SAS,66,66,2203.0,1342.0,732.0,179.0,49.6,33.3,67.0
2005,Smush Parker,PG,23,TOT,16,1,144.0,48.0,12.0,15.0,41.9,23.1,69.2
2005,Zoran Planinic,PG,22,NJN,43,8,515.0,217.0,69.0,44.0,44.8,37.5,69.7
2005,Michael Bradley,PF,25,PHI,2,0,16.0,9.0,3.0,1.0,80.0,,50.0
2005,Kris Humphries,PF,19,UTA,67,4,873.0,278.0,197.0,43.0,40.4,33.3,43.6
2005,Tony Bobbitt,SG,25,LAL,2,0,12.0,5.0,3.0,0.0,40.0,50.0,0.0
2005,David West,SF,24,NOH,30,8,552.0,186.0,129.0,23.0,43.6,40.0,68.0
2005,Sebastian Telfair,PG,19,POR,68,26,1330.0,460.0,104.0,224.0,39.3,24.6,78.9
2005,Mo Williams,PG,22,MIL,80,80,2254.0,814.0,244.0,484.0,43.8,32.3,85.0
2005,Moochie Norris,PG,31,HOU,6,0,39.0,8.0,4.0,5.0,18.8,,100.0
2005,Antonio McDyess,PF,30,DET,77,8,1797.0,740.0,482.0,71.0,51.3,,65.6
2005,Andrei Kirilenko,PF,23,UTA,41,37,1349.0,640.0,255.0,132.0,49.3,29.9,78.4
2005,Calvin Booth,C,28,MIL,17,0,189.0,42.0,49.0,4.0,51.7,,75.0
2005,Jason Williams,PG,29,MEM,71,68,1952.0,719.0,122.0,399.0,41.3,32.4,79.2
2005,Keith McLeod,PG,25,UTA,53,47,1382.0,416.0,113.0,236.0,35.0,25.0,76.7
2005,Horace Jenkins,PG,30,DET,15,0,104.0,42.0,9.0,9.0,33.3,,92.3
2005,Rodney White,SF,24,GSW,16,0,146.0,57.0,15.0,8.0,37.1,31.3,60.0
2006,Peja Stojakovic,SF,28,SAC,31,31,1147.0,511.0,165.0,68.0,40.3,39.7,93.3
2006,Lou Williams,PG,19,PHI,30,0,145.0,56.0,19.0,10.0,44.2,22.2,61.5
2006,Rick Brunson,PG,33,HOU,23,0,215.0,44.0,20.0,33.0,34.8,41.7,58.3
2006,Nikoloz Tskitishvili,SF,22,PHO,12,0,86.0,33.0,20.0,3.0,36.4,33.3,66.7
2006,Mike James,PG,30,TOR,79,79,2925.0,1604.0,262.0,460.0,46.9,44.2,83.7
2006,John Salmons,SG,26,PHI,82,24,2059.0,619.0,220.0,223.0,42.0,29.9,77.5
2006,Metta World,SF,26,IND,16,16,603.0,310.0,78.0,35.0,46.0,33.3,61.2
2006,Jason Terry,PG,28,DAL,80,80,2798.0,1371.0,158.0,306.0,47.0,41.1,80.0
2006,Milt Palacio,PG,27,UTA,71,18,1376.0,441.0,134.0,190.0,42.4,6.3,65.3
2006,Kevin Burleson,PG,26,CHA,39,1,340.0,70.0,26.0,48.0,25.0,18.5,94.1
2006,Vitaly Potapenko,C,30,SAC,9,0,32.0,10.0,2.0,2.0,71.4,,0.0
2006,Mo Williams,PG,23,MIL,58,12,1531.0,703.0,143.0,230.0,42.4,38.2,85.0
2006,Trenton Hassell,SG,26,MIN,77,67,2514.0,710.0,216.0,203.0,46.4,30.4,74.4
2006,Matt Barnes,SF,25,NYK,6,5,93.0,26.0,24.0,6.0,36.7,25.0,75.0
2006,Awvee Storey,SF,28,WAS,25,1,116.0,43.0,22.0,4.0,39.0,42.9,57.1
2006,Luke Jackson,SF,24,CLE,36,0,315.0,96.0,40.0,25.0,34.1,33.3,78.8
2006,Danny Fortson,C,29,SEA,23,1,276.0,87.0,78.0,2.0,52.9,,76.7
2006,Derek Anderson,SG,31,MIA,23,3,465.0,133.0,60.0,48.0,30.8,31.3,84.2
2006,Eddie Gill,PG,27,IND,41,0,122.0,45.0,15.0,12.0,22.2,30.4,78.3
2006,Malik Allen,PF,27,CHI,54,20,701.0,266.0,140.0,20.0,49.0,100.0,60.5
2006,Stromile Swift,C,26,HOU,66,5,1344.0,586.0,291.0,25.0,49.1,,65.1
2006,Luke Walton,SF,25,LAL,69,6,1333.0,345.0,247.0,156.0,41.2,32.7,75.0
2006,Steven Hunter,C,24,PHI,69,35,1312.0,421.0,271.0,17.0,60.1,,51.4
2007,Alexander Johnson,PF,23,MEM,59,19,753.0,260.0,181.0,17.0,53.8,,66.1
2007,Craig Smith,PF,23,MIN,82,5,1537.0,608.0,416.0,49.0,53.1,,62.4
2007,Orien Greene,SG,24,IND,41,0,254.0,63.0,44.0,22.0,37.1,18.2,60.0
2007,Marcus Vinicius,SF,22,NOK,13,0,103.0,22.0,11.0,5.0,46.7,42.9,71.4
2007,Pat Garrity,PF,30,ORL,33,0,277.0,71.0,42.0,14.0,31.4,34.4,88.9
2007,Bernard Robinson,SG-SF,26,TOT,31,0,278.0,61.0,48.0,19.0,30.6,,85.2
2007,Will Conroy,PG-SG,24,TOT,7,0,52.0,0.0,7.0,9.0,0.0,,0.0
2007,Desmond Mason,SF,29,NOK,75,75,2575.0,1028.0,345.0,115.0,45.2,,66.3
2007,Shammond Williams,PG,31,LAL,30,0,345.0,94.0,40.0,31.0,40.7,40.0,66.7
2007,Antonio McDyess,PF,32,DET,82,3,1729.0,664.0,496.0,72.0,52.6,,69.1
2007,Devin Harris,PG,23,DAL,80,61,2081.0,813.0,196.0,296.0,49.2,28.0,82.4
2007,Troy Murphy,PF,26,IND,42,31,1185.0,467.0,257.0,66.0,46.1,40.9,77.2
2007,Dahntay Jones,SG,26,MEM,78,25,1671.0,583.0,153.0,68.0,47.7,41.7,79.3
2007,Beno Udrih,PG,24,SAS,73,1,948.0,340.0,82.0,122.0,36.9,28.7,88.3
2007,Rodney Carney,SF,22,PHI,67,35,1169.0,442.0,128.0,26.0,46.4,34.7,60.9
2007,Lou Williams,PG,20,PHI,61,0,688.0,262.0,70.0,110.0,44.1,32.4,69.6
2007,Hilton Armstrong,C,22,NOK,56,5,634.0,176.0,149.0,10.0,54.4,,59.7
2007,Lou Amundson,PF,24,UTA,1,0,2.0,0.0,0.0,0.0,0.0,,0.0
2007,Stephon Marbury,PG,29,NYK,74,74,2748.0,1210.0,213.0,403.0,41.5,35.7,76.9
2007,Jose Calderon,PG,25,TOR,77,11,1614.0,668.0,134.0,387.0,52.1,33.3,81.8
2007,Nenad Krstic,C,23,NJN,26,26,848.0,426.0,176.0,46.0,52.6,,71.1
2008,Keith Bogans,SG,27,ORL,82,35,2198.0,711.0,266.0,104.0,41.0,36.2,73.6
2008,Tony Allen,SG,26,BOS,75,11,1373.0,494.0,168.0,114.0,43.4,31.6,76.2
2008,Pau Gasol,C,27,TOT,66,66,2351.0,1246.0,553.0,211.0,53.4,25.0,80.7
2008,Antonio McDyess,PF,33,DET,78,78,2285.0,683.0,666.0,89.0,48.8,,62.2
2008,DeSagana Diop,C,26,TOT,79,23,1295.0,226.0,392.0,40.0,52.2,,54.3
2008,Bobby Jones,SF,24,SAS,3,0,20.0,2.0,2.0,1.0,25.0,,0.0
2008,Jeff Green,SF,21,SEA,80,52,2253.0,838.0,379.0,119.0,42.7,27.6,74.4
2008,Ian Mahinmi,C,21,SAS,6,0,23.0,21.0,5.0,1.0,50.0,,100.0
2008,Luis Scola,PF,27,HOU,82,39,2024.0,847.0,525.0,106.0,51.5,,66.8
2008,Dan Dickau,PG,29,LAC,67,8,1040.0,352.0,97.0,172.0,41.9,33.3,82.9
2008,Alexander Johnson,PF,24,MIA,43,6,549.0,179.0,94.0,13.0,48.8,,68.7
2008,Francisco Elson,C,31,TOT,63,5,813.0,210.0,200.0,24.0,39.0,,70.3
2008,Pat Garrity,PF,31,ORL,31,0,284.0,66.0,44.0,13.0,33.8,21.6,80.0
2008,Shannon Brown,SG,22,TOT,21,4,240.0,114.0,20.0,17.0,34.9,30.0,58.6
2008,Gerald Green,SF,22,HOU,1,0,4.0,6.0,2.0,0.0,100.0,,0.0
2008,P.J. Brown,PF,38,BOS,18,0,209.0,39.0,68.0,10.0,34.1,,68.8
2008,Kareem Rush,SG,27,IND,71,15,1504.0,588.0,168.0,89.0,40.1,38.9,71.4
2008,Daniel Gibson,PG,21,CLE,58,26,1765.0,605.0,134.0,145.0,43.2,44.0,81.0
2008,Robert Horry,PF,37,SAS,45,5,583.0,112.0,109.0,47.0,31.9,25.7,64.3
2008,Gordan Giricek,SG,30,PHO,22,0,442.0,193.0,51.0,35.0,49.7,38.0,94.1
2008,LaMarcus Aldridge,PF,22,POR,76,76,2649.0,1350.0,578.0,122.0,48.4,14.3,76.2
2008,Jason Kidd,PG,34,NJN,51,51,1895.0,577.0,412.0,530.0,36.6,35.6,82.0
2008,Kyle Lowry,PG,21,MEM,82,9,2089.0,791.0,250.0,296.0,43.2,25.7,69.8
2008,Mario West,SG,23,ATL,64,2,269.0,59.0,48.0,13.0,42.9,,65.4
2009,Kyle Lowry,PG,22,HOU,28,0,608.0,214.0,78.0,97.0,47.5,27.6,80.0
2009,Anthony Randolph,PF,19,GSW,63,22,1129.0,499.0,363.0,49.0,46.2,,71.6
2009,Al Harrington,PF,28,TOT,73,56,2546.0,1469.0,455.0,102.0,43.9,36.4,79.3
2009,Ryan Hollins,C,24,TOT,45,3,444.0,143.0,97.0,7.0,53.2,,59.7
2009,Henry Walker,SF,21,BOS,29,0,216.0,88.0,29.0,13.0,62.1,,69.6
2009,C.J. Watson,PG,24,GSW,77,18,1883.0,730.0,192.0,206.0,45.7,40.0,87.0
2009,Jason Collins,C,30,MIN,31,22,422.0,57.0,70.0,11.0,31.4,,46.4
2009,Courtney Sims,C,25,NYK,1,0,11.0,6.0,4.0,0.0,50.0,,0.0
2009,Ime Udoka,SF,31,SAS,67,3,1035.0,289.0,187.0,54.0,38.3,32.8,60.9
2009,Othello Hunter,PF,22,ATL,16,0,92.0,22.0,24.0,1.0,55.0,,0.0
2009,Shelden Williams,PF,25,TOT,45,0,512.0,186.0,153.0,12.0,44.6,,73.0
2009,Chauncey Billups,PG,32,DET,2,2,70.0,25.0,10.0,15.0,33.3,28.6,90.0
2009,J.R. Smith,SG,23,DEN,81,18,2245.0,1233.0,297.0,227.0,44.6,39.7,75.4
2009,Rudy Fernandez,SG,23,POR,78,4,1993.0,815.0,207.0,159.0,42.5,39.9,83.9
2009,Shannon Brown,SG,23,TOT,48,0,477.0,202.0,44.0,38.0,47.3,37.8,82.1
2009,Julian Wright,SF,21,NOH,54,19,772.0,237.0,152.0,43.0,46.6,9.5,56.7
2009,Kenyon Martin,PF,31,DEN,66,66,2111.0,769.0,395.0,132.0,49.1,36.8,60.4
2009,Zach Randolph,PF-C,27,TOT,50,45,1757.0,1041.0,504.0,103.0,47.5,33.0,73.4
2009,Sebastian Telfair,PG,23,MIN,75,43,2095.0,738.0,127.0,343.0,38.3,34.6,81.9
2009,Sean Williams,PF,22,NJN,33,0,366.0,80.0,79.0,13.0,41.7,,62.5
2009,Jared Dudley,SF,23,PHO,48,0,728.0,264.0,146.0,37.0,48.1,39.4,69.1
2009,Baron Davis,PG,29,LAC,65,60,2248.0,968.0,238.0,501.0,37.0,30.2,75.7
2009,Elton Brand,PF,29,PHI,29,23,920.0,399.0,254.0,37.0,44.7,,67.6
2010,Dwight Howard,C,24,ORL,82,82,2843.0,1503.0,1082.0,144.0,61.2,,59.2
2010,Mo Williams,PG,27,CLE,69,68,2359.0,1092.0,206.0,368.0,44.2,42.9,89.4
2010,DeSagana Diop,C,28,CHA,27,0,262.0,32.0,65.0,5.0,51.7,,22.2
2010,Tony Allen,SG,28,BOS,54,8,889.0,330.0,145.0,72.0,51.0,,60.5
2010,Michael Finley,SF,36,SAS,25,6,395.0,93.0,38.0,19.0,38.1,31.7,66.7
2010,Johan Petro,C,24,DEN,36,16,436.0,122.0,129.0,14.0,53.5,,66.7
2010,Chris Paul,PG,24,NOH,45,45,1712.0,841.0,191.0,480.0,49.3,40.9,84.7
2010,Andres Nocioni,SF,30,SAC,75,28,1477.0,635.0,222.0,75.0,39.9,38.6,71.7
2010,Vladimir Radmanovic,PF,29,TOT,41,20,891.0,256.0,178.0,45.0,37.7,27.8,74.1
2010,Joey Graham,SF,27,DEN,63,18,759.0,266.0,123.0,22.0,52.0,15.4,74.0
2010,Richard Hamilton,SG,31,DET,46,46,1552.0,831.0,122.0,202.0,40.9,29.7,84.6
2010,Troy Murphy,PF,29,IND,72,69,2344.0,1050.0,737.0,150.0,47.2,38.4,79.8
2010,Kobe Bryant,SG,31,LAL,73,73,2835.0,1970.0,391.0,365.0,45.6,32.9,81.1
2010,Josh McRoberts,C,22,IND,42,3,524.0,179.0,127.0,44.0,52.1,34.8,50.0
2010,Kyle Weaver,SG,23,OKC,12,0,144.0,36.0,18.0,11.0,36.4,36.8,83.3
2010,Kris Humphries,PF,24,DAL,25,0,315.0,131.0,95.0,7.0,46.1,,56.8
2010,Marcus Banks,PG,28,TOR,22,0,244.0,109.0,23.0,26.0,53.4,29.2,82.8
2010,Courtney Lee,SG,24,NJN,71,66,2375.0,885.0,252.0,121.0,43.6,33.8,86.9
2010,Marc Gasol,C,25,MEM,69,69,2469.0,1008.0,640.0,165.0,58.1,,67.0
2010,Tyson Chandler,C,27,CHA,51,27,1163.0,333.0,320.0,16.0,57.4,,73.2
2010,Marcus Haislip,SF,29,SAS,10,0,44.0,25.0,10.0,0.0,47.6,60.0,40.0
2010,Shaquille O'Neal*,C,37,CLE,53,53,1240.0,636.0,355.0,80.0,56.6,,49.6
2010,Marcus Williams,PG,24,MEM,62,1,872.0,269.0,93.0,161.0,38.4,29.6,67.3
2011,C.J. Miles,SF,23,UTA,78,19,1969.0,1000.0,255.0,135.0,40.7,32.2,81.1
2011,Corey Brewer,SF-SG,24,TOT,69,24,1510.0,552.0,175.0,89.0,39.5,26.8,70.8
2011,Trey Johnson,SG,26,LAL,1,0,13.0,6.0,0.0,0.0,66.7,,100.0
2011,Hassan Whiteside,C,21,SAC,1,0,2.0,0.0,0.0,0.0,0.0,,0.0
2011,Hamed Haddadi,C,25,MEM,31,0,168.0,75.0,68.0,5.0,51.7,,65.2
2011,Zydrunas Ilgauskas,C,35,MIA,72,51,1145.0,360.0,287.0,26.0,50.8,,78.3
2011,Jarron Collins,C,32,LAC,23,0,157.0,17.0,17.0,1.0,33.3,,70.0
2011,Timofey Mozgov,C,24,NYK,34,14,458.0,135.0,104.0,15.0,46.4,,70.5
2011,Von Wafer,SG,25,BOS,58,2,553.0,184.0,49.0,35.0,42.1,26.9,84.2
2011,J.J. Redick,SG,26,ORL,59,5,1513.0,593.0,113.0,102.0,44.1,39.7,87.5
2011,Willie Warren,PG,21,LAC,19,0,134.0,37.0,12.0,27.0,37.1,33.3,75.0
2011,Sonny Weems,SF,24,TOR,59,28,1413.0,545.0,153.0,104.0,44.4,27.9,76.6
2011,Jared Jeffries,PF,29,TOT,42,9,601.0,74.0,116.0,36.0,34.9,22.2,41.4
2011,Al Horford,C,24,ATL,77,77,2704.0,1178.0,718.0,266.0,55.7,50.0,79.8
2011,Jordan Hill,C,23,HOU,72,11,1125.0,406.0,306.0,29.0,49.1,,70.6
2011,Chauncey Billups,PG,34,DEN,51,51,1646.0,840.0,125.0,271.0,43.8,44.1,92.3
2011,James Harden,SG,21,OKC,82,5,2189.0,998.0,255.0,176.0,43.6,34.9,84.3
2011,Sebastian Telfair,PG,25,MIN,37,8,711.0,266.0,54.0,111.0,40.2,35.9,73.3
2011,Carlos Arroyo,PG,31,TOT,64,43,1185.0,310.0,103.0,125.0,44.0,44.9,83.0
2011,Martell Webster,SF,24,MIN,46,1,1094.0,453.0,147.0,53.0,44.7,41.7,77.0
2011,Joe Smith,PF,35,NJN,4,3,25.0,2.0,3.0,1.0,25.0,,0.0
2011,Acie Law,PG,26,TOT,51,0,726.0,215.0,63.0,84.0,43.5,16.7,73.4
2011,Sasha Pavlovic,SG,27,BOS,17,0,149.0,31.0,14.0,3.0,46.2,50.0,40.0
2011,Orien Greene,SG,28,NJN,3,0,5.0,3.0,0.0,1.0,50.0,,50.0
2011,Tyler Hansbrough,PF,25,IND,70,29,1535.0,767.0,366.0,41.0,46.5,,77.9
2012,Jerry Smith,PG,24,NJN,5,0,46.0,7.0,7.0,4.0,21.4,16.7,0.0
2012,Alonzo Gee,SG,24,CLE,63,31,1827.0,665.0,322.0,113.0,41.2,32.1,78.8
2012,Al Jefferson,C,27,UTA,61,61,2075.0,1170.0,585.0,134.0,49.2,25.0,77.4
2012,Cory Higgins,PG,22,CHA,38,0,423.0,150.0,35.0,36.0,32.5,20.0,70.0
2012,Rashard Lewis,SF,32,WAS,28,15,729.0,217.0,109.0,27.0,38.5,23.9,83.8
2012,Terrence Williams,SG,24,TOT,30,0,550.0,213.0,102.0,65.0,42.9,34.8,58.7
2012,Gerald Wallace,SF,29,NJN,16,16,573.0,243.0,109.0,49.0,41.6,38.5,85.9
2012,Troy Murphy,PF,31,LAL,59,0,956.0,188.0,191.0,51.0,45.0,41.8,66.7
2012,Jeff Adrien,PF,25,HOU,8,0,63.0,21.0,22.0,1.0,43.8,,58.3
2012,Al-Farouq Aminu,SF,21,NOH,66,21,1477.0,399.0,308.0,66.0,41.1,27.7,75.4
2012,Maurice Evans,SF,33,WAS,24,0,343.0,117.0,24.0,9.0,40.2,37.8,76.9
2012,Brian Cook,PF,31,LAC,16,0,121.0,31.0,23.0,2.0,22.4,18.5,100.0
2012,Nick Young,SG,26,LAC,22,3,518.0,214.0,36.0,10.0,39.4,35.3,82.1
2012,Dominic McGuire,PF,26,GSW,64,6,1127.0,227.0,246.0,110.0,44.8,,73.6
2012,Jared Jeffries,PF,30,NYK,39,4,729.0,170.0,152.0,26.0,41.0,18.8,68.1
2012,Jonny Flynn,PG,22,HOU,11,0,135.0,37.0,8.0,28.0,29.3,22.2,78.6
2012,Eduardo Najera,PF,35,CHA,22,0,270.0,58.0,50.0,12.0,37.5,27.6,50.0
2012,Shelvin Mack,PG,21,WAS,64,0,779.0,230.0,92.0,131.0,40.0,28.6,71.2
2012,Channing Frye,PF,28,PHO,64,59,1669.0,674.0,379.0,88.0,41.6,34.6,89.0
2012,Delonte West,PG,28,DAL,44,33,1060.0,421.0,101.0,139.0,46.1,35.5,88.6
2012,DeMarre Carroll,SF-PF,25,TOT,24,9,348.0,107.0,53.0,18.0,41.0,36.8,87.5
2012,Tayshaun Prince,SF,31,DET,63,63,2087.0,798.0,281.0,153.0,42.1,35.6,77.4
2013,Daniel Gibson,PG,26,CLE,46,3,919.0,250.0,60.0,82.0,34.0,34.4,70.3
2013,C.J. Watson,PG,28,BRK,80,8,1521.0,543.0,145.0,161.0,41.8,41.1,78.0
2013,Mike Conley,PG,25,MEM,80,80,2757.0,1168.0,225.0,487.0,44.0,36.2,83.0
2013,Kendrick Perkins,C,28,OKC,78,78,1954.0,330.0,466.0,111.0,45.7,,61.1
2013,Chris Singleton,PF,23,WAS,57,11,924.0,231.0,184.0,37.0,38.2,19.4,57.1
2013,Chris Copeland,PF,28,NYK,56,13,862.0,486.0,119.0,27.0,47.9,42.1,75.9
2013,Shawn Marion,PF,34,DAL,67,67,2010.0,812.0,525.0,163.0,51.4,31.5,78.2
2013,Eddy Curry,C,30,DAL,2,0,25.0,9.0,4.0,0.0,50.0,,25.0
2013,Reggie Williams,SF,26,CHA,40,0,380.0,146.0,51.0,39.0,43.2,30.6,47.6
2013,DeQuan Jones,SF,22,ORL,63,17,803.0,233.0,105.0,16.0,43.6,25.7,66.7
2013,Jason Maxiell,PF,29,DET,72,71,1789.0,498.0,409.0,54.0,44.6,,62.1
2013,Tony Allen,SG,31,MEM,79,79,2109.0,705.0,363.0,98.0,44.5,12.5,71.7
2013,Maurice Harkless,SF,19,ORL,76,59,1974.0,625.0,335.0,50.0,46.1,27.4,57.0
2013,Malcolm Thomas,PF,24,CHI,7,0,36.0,12.0,11.0,2.0,55.6,,50.0
2013,Jason Collins,C,34,WAS,6,2,54.0,4.0,8.0,2.0,16.7,,100.0
2013,Anthony Tolliver,SF,27,ATL,62,11,963.0,253.0,155.0,32.0,38.0,33.8,86.3
2013,Jeremy Pargo,SG,26,PHI,14,0,208.0,69.0,17.0,28.0,38.1,41.2,66.7
2013,Serge Ibaka,PF,23,OKC,80,80,2486.0,1055.0,617.0,43.0,57.3,35.1,74.9
2013,Shelvin Mack,SG,22,PHI,4,0,7.0,2.0,0.0,1.0,50.0,,0.0
2013,Kevin Durant,SF,24,OKC,81,81,3119.0,2280.0,640.0,374.0,51.0,41.6,90.5
2013,Jannero Pargo,PG,33,WAS,7,0,102.0,21.0,6.0,14.0,25.0,15.0,100.0
2013,Greivis Vasquez,PG,26,NOH,78,78,2685.0,1083.0,337.0,704.0,43.3,34.2,80.5
2013,Dion Waiters,SG,21,CLE,61,48,1756.0,894.0,149.0,183.0,41.2,31.0,74.6
2014,LaMarcus Aldridge,PF,28,POR,69,69,2498.0,1603.0,765.0,178.0,45.8,20.0,82.2
2014,Nick Young,SG,28,LAL,64,9,1810.0,1144.0,166.0,95.0,43.5,38.6,82.5
2014,Jordan Hamilton,SF,23,DEN,39,11,670.0,266.0,133.0,34.0,39.0,34.9,74.2
2014,Aaron Brooks,PG,29,DEN,29,12,841.0,346.0,78.0,150.0,40.6,36.2,90.2
2014,Chuck Hayes,C,30,TOT,61,1,754.0,132.0,210.0,35.0,43.1,,80.0
2014,Dwyane Wade,SG,32,MIA,54,53,1775.0,1028.0,241.0,252.0,54.5,28.1,73.3
2014,Dewayne Dedmon,C,24,TOT,31,6,390.0,97.0,127.0,5.0,45.8,,65.6
2014,Anthony Bennett,PF,20,CLE,52,0,663.0,217.0,155.0,17.0,35.6,24.5,63.8
2014,Channing Frye,PF,30,PHO,82,82,2312.0,910.0,416.0,98.0,43.2,37.0,82.1
2014,Danny Granger,SF,30,IND,29,2,653.0,242.0,105.0,33.0,35.9,33.0,96.2
2014,Ronnie Brewer,SF,28,HOU,23,3,158.0,7.0,14.0,10.0,20.0,12.5,0.0
2014,Marquis Teague,SG,20,BRK,21,1,201.0,62.0,21.0,30.0,41.5,37.5,78.9
2014,Gerald Green,SG,28,PHO,82,48,2330.0,1295.0,275.0,122.0,44.5,40.0,84.8
2014,Nick Calathes,SG,24,MEM,71,7,1173.0,347.0,137.0,207.0,45.7,31.1,61.1
2014,James Nunnally,SF,23,ATL,4,0,54.0,18.0,8.0,2.0,33.3,30.0,75.0
2014,Tim Hardaway,SG,21,NYK,81,1,1875.0,824.0,121.0,66.0,42.8,36.3,82.8
2014,Avery Bradley,PG,23,BOS,60,58,1855.0,891.0,226.0,85.0,43.8,39.5,80.4
2014,Tony Wroten,PG,20,PHI,72,16,1765.0,939.0,228.0,217.0,42.7,21.3,64.1
2014,MarShon Brooks,SG,25,LAL,18,0,228.0,115.0,30.0,21.0,48.9,57.9,69.2
2014,Ronnie Brewer,SF,28,TOT,24,3,160.0,7.0,14.0,10.0,20.0,12.5,0.0
2014,Nate Robinson,PG,29,DEN,44,1,866.0,457.0,81.0,112.0,42.8,37.7,83.5
2014,Caron Butler,SF,33,MIL,34,13,821.0,374.0,158.0,56.0,38.7,36.1,83.9
2014,Jordan Hill,PF,26,LAL,72,32,1500.0,696.0,535.0,54.0,54.9,,68.5
2014,Andrew Bogut,C,29,GSW,67,67,1769.0,492.0,671.0,112.0,62.7,,34.4
2015,Brandon Knight,PG,23,MIL,52,52,1688.0,923.0,221.0,281.0,43.5,40.9,88.1
2015,Goran Dragic,SG,28,PHO,52,52,1735.0,843.0,185.0,211.0,50.1,35.5,74.6
2015,LaMarcus Aldridge,PF,29,POR,71,71,2512.0,1661.0,726.0,124.0,46.6,35.2,84.5
2015,Bismack Biyombo,C,22,CHO,64,21,1243.0,304.0,407.0,16.0,54.3,,58.3
2015,Blake Griffin,PF,25,LAC,67,67,2356.0,1469.0,508.0,354.0,50.2,40.0,72.8
2015,Cleanthony Early,SF,23,NYK,39,7,647.0,210.0,97.0,36.0,35.5,26.2,75.0
2015,Jeff Green,SF,28,TOT,78,70,2454.0,1168.0,328.0,134.0,43.0,33.2,83.3
2015,Danny Green,SG,27,SAS,81,80,2312.0,946.0,343.0,158.0,43.6,41.8,87.4
2015,T.J. Warren,SF,21,PHO,40,1,614.0,245.0,85.0,25.0,52.8,23.8,73.7
2015,Tyler Hansbrough,PF,29,TOR,74,8,1058.0,270.0,265.0,21.0,52.1,14.3,69.8
2015,Tarik Black,C,23,TOT,63,39,1196.0,379.0,368.0,42.0,57.5,,55.1
2015,Grant Jerrett,PF,21,UTA,3,0,26.0,9.0,5.0,2.0,44.4,,100.0
2015,Charlie Villanueva,PF,30,DAL,64,1,678.0,403.0,149.0,19.0,41.4,37.6,57.1
2015,Corey Brewer,SF,28,MIN,24,16,680.0,251.0,94.0,78.0,41.8,19.5,70.5
2015,Robbie Hummel,SF,25,MIN,45,4,742.0,198.0,134.0,27.0,45.9,31.4,82.8
2015,Francisco Garcia,SF,33,HOU,14,0,200.0,45.0,17.0,15.0,27.0,22.2,25.0
2015,Earl Clark,PF,27,BRK,10,0,93.0,27.0,23.0,3.0,36.7,28.6,25.0
2015,Shavlik Randolph,PF,31,TOT,21,0,126.0,24.0,38.0,4.0,25.7,,50.0
2015,Larry Sanders,C,26,MIL,27,26,586.0,196.0,166.0,23.0,50.0,,50.0
2015,Lou Williams,SG,28,TOR,80,0,2016.0,1242.0,151.0,164.0,40.4,34.0,86.1
2015,Avery Bradley,SG,24,BOS,77,77,2428.0,1071.0,241.0,135.0,42.9,35.2,79.0
2015,Al Horford,C,28,ATL,76,76,2318.0,1156.0,544.0,244.0,53.8,30.6,75.9
2015,Carl Landry,PF,31,SAC,70,15,1192.0,503.0,268.0,26.0,51.5,,82.0
2015,Luke Ridnour,PG,33,ORL,47,0,683.0,188.0,68.0,96.0,42.6,31.7,85.7
2015,Brandon Rush,SG,29,GSW,33,0,271.0,30.0,41.0,12.0,20.4,11.1,45.5
2015,Steven Adams,C,21,OKC,70,67,1771.0,537.0,523.0,66.0,54.4,,50.2
2016,Al Horford,C,29,ATL,82,82,2631.0,1249.0,596.0,263.0,50.5,34.4,79.8
2016,Jeff Withey,C,25,UTA,51,10,658.0,217.0,173.0,20.0,53.7,,72.9
2016,Kevin Durant,SF,27,OKC,72,72,2578.0,2029.0,589.0,361.0,50.5,38.7,89.8
2016,LaMarcus Aldridge,PF,30,SAS,74,74,2261.0,1331.0,632.0,110.0,51.3,,85.8
2016,Jimmer Fredette,SG,26,NOP,4,0,13.0,2.0,0.0,1.0,25.0,,0.0
2016,Mason Plumlee,C,25,POR,82,82,2084.0,749.0,628.0,226.0,51.6,,64.2
2016,Elfrid Payton,PG,21,ORL,73,69,2145.0,778.0,261.0,468.0,43.6,32.6,58.9
2016,Dirk Nowitzki,PF,37,DAL,75,75,2364.0,1372.0,489.0,132.0,44.8,36.8,89.3
2016,Pablo Prigioni,PG,38,LAC,59,3,823.0,145.0,114.0,130.0,37.4,29.5,87.5
2016,Jeff Green,SF,29,MEM,53,31,1544.0,646.0,241.0,98.0,43.1,30.9,80.0
2016,Devin Harris,PG,32,DAL,64,0,1280.0,487.0,138.0,118.0,44.7,32.9,72.1
2016,Shabazz Napier,PG,24,ORL,55,0,600.0,203.0,55.0,97.0,33.8,32.7,73.3
2016,DeMarre Carroll,SF,29,TOR,26,22,786.0,286.0,122.0,27.0,38.9,39.0,60.0
2016,Andre Miller,PG,39,SAS,13,4,181.0,56.0,27.0,29.0,47.9,25.0,69.2
2016,Sonny Weems,SG-SF,29,TOT,43,0,499.0,107.0,53.0,49.0,38.2,36.6,53.3
2016,Ersan Ilyasova,PF,28,DET,52,52,1434.0,589.0,282.0,55.0,42.5,36.3,72.5
2016,D.J. Augustin,PG,28,DEN,28,0,659.0,325.0,52.0,132.0,44.5,41.1,81.9
2016,Kevin Love,PF,27,CLE,77,77,2424.0,1234.0,762.0,186.0,41.9,36.0,82.2
2016,Taj Gibson,PF,30,CHI,73,55,1936.0,627.0,504.0,106.0,52.6,,69.2
2016,Bryce Cotton,PG,23,PHO,3,0,33.0,4.0,0.0,3.0,25.0,,0.0
2016,Montrezl Harrell,PF,22,HOU,39,1,379.0,140.0,65.0,17.0,64.4,,52.2
2016,Jahlil Okafor,C,20,PHI,53,48,1591.0,928.0,373.0,65.0,50.8,16.7,68.6
2016,Mo Williams,PG,33,CLE,41,14,748.0,338.0,72.0,98.0,43.7,35.3,90.5
2017,Bojan Bogdanovic,SF,27,TOT,81,54,2083.0,1113.0,277.0,111.0,44.5,36.7,89.3
2017,Al-Farouq Aminu,SF,26,POR,61,25,1773.0,532.0,451.0,99.0,39.3,33.0,70.6
2017,Paul George,SF,26,IND,75,75,2689.0,1775.0,492.0,251.0,46.1,39.3,89.8
2017,Doug McDermott,SF,25,OKC,22,1,430.0,145.0,49.0,13.0,45.2,36.2,70.6
2017,Toney Douglas,PG,30,MEM,24,0,394.0,117.0,61.0,56.0,36.8,16.7,82.8
2017,Sean Kilpatrick,SG,27,BRK,70,24,1754.0,919.0,280.0,157.0,41.5,34.1,84.3
2017,James Harden,PG,27,HOU,81,81,2947.0,2356.0,659.0,906.0,44.0,34.7,84.7
2017,Boban Marjanovic,C,28,DET,35,0,293.0,191.0,130.0,9.0,54.5,,81.0
2017,Terrence Ross,SF,25,TOR,54,0,1207.0,559.0,139.0,45.0,44.1,37.5,82.0
2017,Cheick Diallo,PF,20,NOP,17,0,199.0,87.0,73.0,4.0,47.4,,71.4
2017,Nikola Jokic,C,21,DEN,73,59,2038.0,1221.0,718.0,359.0,57.8,32.4,82.5
2017,Tyreke Evans,SF,27,TOT,40,6,788.0,411.0,137.0,124.0,40.5,35.6,75.0
2017,Alonzo Gee,SF,29,DEN,13,0,89.0,11.0,15.0,6.0,21.4,,55.6
2017,Jimmy Butler,SF,27,CHI,76,75,2809.0,1816.0,470.0,417.0,45.5,36.7,86.5
2017,Tim Hardaway,SG,24,ATL,79,30,2154.0,1143.0,224.0,182.0,45.5,35.7,76.6
2017,Alec Burks,SG,25,UTA,42,0,653.0,283.0,120.0,30.0,39.9,32.9,76.9
2017,Sergio Rodriguez,PG,30,PHI,68,30,1518.0,530.0,157.0,344.0,39.2,36.5,66.7
2017,Manu Ginobili,SG,39,SAS,69,0,1291.0,517.0,157.0,183.0,39.0,39.2,80.4
2017,Al Horford,C,30,BOS,68,68,2193.0,952.0,464.0,337.0,47.3,35.5,80.0
2017,Treveon Graham,SG,23,CHO,27,1,189.0,57.0,22.0,6.0,47.5,60.0,66.7
2017,Alexis Ajinca,C,28,NOP,39,15,584.0,207.0,177.0,12.0,50.0,,72.5
2017,Zach LaVine,SG,21,MIN,47,47,1749.0,889.0,159.0,139.0,45.9,38.7,83.6
2017,Robin Lopez,C,28,CHI,81,81,2271.0,839.0,519.0,80.0,49.3,,72.1
2017,David West,C,36,GSW,68,0,854.0,316.0,203.0,151.0,53.6,37.5,76.8
